pathway_id	pathway_name	count	total_in_pathway	gene_ratio	fold_enrichment	pvalue	padj	comparison	direction
sco02010	ABC transporters - Streptomyces coelicolor	108	193	0.040268456375838924	1.663525402510693	1.0177126301756736e-10	1.0380668827791871e-8	T3vsT1	Up
sco02024	Quorum sensing - Streptomyces coelicolor	60	101	0.02237136465324385	1.7660088156466656	8.548712978960824e-8	4.35984361927002e-6	T3vsT1	Up
sco01310	Nitrogen cycle - Streptomyces coelicolor	12	13	0.0044742729306487695	2.744106005850972	1.8534936610779015e-5	6.301878447664865e-4	T3vsT1	Up
sco01057	Biosynthesis of type II polyketide products - Streptomyces coelicolor	10	11	0.0037285607755406414	2.7025286421259573	1.4024093493375381e-4	0.003576143840810722	T3vsT1	Up
sco00500	Starch and sucrose metabolism - Streptomyces coelicolor	30	54	0.011185682326621925	1.6515452812991964	7.352446562938396e-4	0.014998990988394327	T3vsT1	Up
sco01056	Biosynthesis of type II polyketide backbone - Streptomyces coelicolor	6	6	0.0022371364653243847	2.972781506338553	0.0014434731237963142	0.02453904310453734	T3vsT1	Up
sco00053	Ascorbate and aldarate metabolism - Streptomyces coelicolor	11	15	0.004101416853094705	2.180039771314939	0.001948320571071528	0.028389814035613695	T3vsT1	Up
sco00253	Tetracycline biosynthesis - Streptomyces coelicolor	7	8	0.002609992542878449	2.601183818046234	0.0027390575530570893	0.031042652267980347	T3vsT1	Up
sco00975	Biosynthesis of various siderophores - Streptomyces coelicolor	7	8	0.002609992542878449	2.601183818046234	0.0027390575530570893	0.031042652267980347	T3vsT1	Up
sco00333	Prodigiosin biosynthesis - Streptomyces coelicolor	16	26	0.005965697240865026	1.829404003900648	0.0032482866053286847	0.03313252337435258	T3vsT1	Up
sco00946	Degradation of flavonoids - Streptomyces coelicolor	8	10	0.002982848620432513	2.3782252050708426	0.0036142303332467483	0.033513772181015304	T3vsT1	Up
sco00511	Other glycan degradation - Streptomyces coelicolor	9	13	0.003355704697986577	2.058079504388229	0.009380119758257147	0.07973101794518575	T3vsT1	Up
sco03010	Ribosome - Streptomyces coelicolor	55	78	0.026974006866110838	2.7572276505577142	1.0559097605599536e-25	9.925551749263565e-24	T3vsT1	Down
sco01100	Metabolic pathways - Streptomyces coelicolor	408	1066	0.20009808729769496	1.4966060506796641	4.813451862522487e-23	2.262322375385569e-21	T3vsT1	Down
sco01240	Biosynthesis of cofactors - Streptomyces coelicolor	91	164	0.04462972045120157	2.169711958277013	1.8494324846510664e-16	5.7948884519066745e-15	T3vsT1	Down
sco01230	Biosynthesis of amino acids - Streptomyces coelicolor	79	148	0.03874448258950466	2.0872281059873017	3.107377189789502e-13	7.30233639600533e-12	T3vsT1	Down
sco01110	Biosynthesis of secondary metabolites - Streptomyces coelicolor	202	515	0.09906817067189799	1.533729174304937	1.3606867789231554e-12	2.558091144375532e-11	T3vsT1	Down
sco01232	Nucleotide metabolism - Streptomyces coelicolor	35	49	0.01716527709661599	2.7930358018636587	1.981055702869909e-11	3.1036539344961904e-10	T3vsT1	Down
sco00240	Pyrimidine metabolism - Streptomyces coelicolor	29	37	0.014222658165767533	3.0647906366395823	2.3685561481574886e-11	3.180632541811485e-10	T3vsT1	Down
sco00970	Aminoacyl-tRNA biosynthesis - Streptomyces coelicolor	24	95	0.011770475723393821	0.9878526625538835	2.072495180896503e-9	2.435181837553391e-8	T3vsT1	Down
sco00260	Glycine, serine and threonine metabolism - Streptomyces coelicolor	30	44	0.014713094654242276	2.666079629051674	3.3211024922061517e-9	3.468707047415314e-8	T3vsT1	Down
sco00860	Porphyrin metabolism - Streptomyces coelicolor	28	42	0.01373222167729279	2.606833415072748	2.4052115574337234e-8	2.2608988639877e-7	T3vsT1	Down
sco00230	Purine metabolism - Streptomyces coelicolor	40	71	0.0196174595389897	2.2029578155544347	3.151363186603985e-8	2.6929830867343144e-7	T3vsT1	Down
sco00550	Peptidoglycan biosynthesis - Streptomyces coelicolor	23	33	0.011280039234919078	2.7253258430306	1.2568220917699118e-7	9.845106385530976e-7	T3vsT1	Down
sco00190	Oxidative phosphorylation - Streptomyces coelicolor	36	67	0.01765571358509073	2.101029916625797	7.477974739968561e-7	5.4071509658234215e-6	T3vsT1	Down
sco03030	DNA replication - Streptomyces coelicolor	15	20	0.007356547327121138	2.9326875919568414	5.020767519275735e-6	3.3710867629422796e-5	T3vsT1	Down
sco01200	Carbon metabolism - Streptomyces coelicolor	62	148	0.030407062285434036	1.6380777540659837	9.0887462428466e-6	5.695614312183869e-5	T3vsT1	Down
sco03440	Homologous recombination - Streptomyces coelicolor	16	23	0.00784698381559588	2.7201739983367808	1.1657455354365593e-5	6.848755020689786e-5	T3vsT1	Down
sco03410	Base excision repair - Streptomyces coelicolor	15	21	0.007356547327121138	2.7930358018636587	1.340770304150218e-5	7.413671093536499e-5	T3vsT1	Down
sco03018	RNA degradation - Streptomyces coelicolor	11	15	0.005394801373222168	2.867516756580023	4.925934274987689e-5	2.572432343604682e-4	T3vsT1	Down
sco00670	One carbon pool by folate - Streptomyces coelicolor	15	23	0.007356547327121138	2.550163123440732	7.061492378233752e-5	3.493580439757751e-4	T3vsT1	Down
sco03430	Mismatch repair - Streptomyces coelicolor	13	19	0.0063756743501716525	2.675434294416768	1.0542429626654305e-4	4.954941924527524e-4	T3vsT1	Down
sco00730	Thiamine metabolism - Streptomyces coelicolor	10	13	0.004904364884747425	3.0078847096993244	1.5304671955210816e-4	6.850662684713413e-4	T3vsT1	Down
sco00710	Carbon fixation by Calvin cycle - Streptomyces coelicolor	14	22	0.006866110838646395	2.4883409871148956	1.8313729347772044e-4	7.824957084957146e-4	T3vsT1	Down
sco01250	Biosynthesis of nucleotide sugars - Streptomyces coelicolor	23	45	0.011280039234919078	1.9985722848891068	2.0461299086212774e-4	8.171312613947606e-4	T3vsT1	Down
sco00520	Amino sugar and nucleotide sugar metabolism - Streptomyces coelicolor	27	56	0.013241785188818049	1.8852991662579697	2.0862925822844953e-4	8.171312613947606e-4	T3vsT1	Down
sco00030	Pentose phosphate pathway - Streptomyces coelicolor	21	40	0.010299166257969592	2.052881314369789	2.372075090761165e-4	8.91900234126198e-4	T3vsT1	Down
sco00250	Alanine, aspartate and glutamate metabolism - Streptomyces coelicolor	19	36	0.009318293281020108	2.0637431202659253	4.284755934208259e-4	0.0015491040685214476	T3vsT1	Down
sco03060	Protein export - Streptomyces coelicolor	13	23	0.0063756743501716525	2.2101413736486344	8.700581589088789e-4	0.0030290913680531342	T3vsT1	Down
sco00010	Glycolysis / Gluconeogenesis - Streptomyces coelicolor	26	58	0.012751348700343305	1.7528707446178822	0.0010998670411965486	0.003692410781159842	T3vsT1	Down
sco00680	Methane metabolism - Streptomyces coelicolor	16	31	0.00784698381559588	2.0181936116692243	0.0016527979474372726	0.005357345071003573	T3vsT1	Down
sco03070	Bacterial secretion system - Streptomyces coelicolor	10	16	0.004904364884747425	2.443906326630701	0.001962038355318375	0.006147720179997576	T3vsT1	Down
sco01210	2-Oxocarboxylic acid metabolism - Streptomyces coelicolor	23	52	0.011280039234919078	1.7295337080771116	0.0025908940580850717	0.007856259401935378	T3vsT1	Down
sco01120	Microbial metabolism in diverse environments - Streptomyces coelicolor	114	356	0.05590975968612065	1.2521587471276403	0.003106653377930327	0.009125794297670336	T3vsT1	Down
sco00130	Ubiquinone and other terpenoid-quinone biosynthesis - Streptomyces coelicolor	8	12	0.00392349190779794	2.606833415072748	0.0032270492661339704	0.009192200939896764	T3vsT1	Down
sco03020	RNA polymerase - Streptomyces coelicolor	4	4	0.00196174595389897	3.910250122609122	0.004268055158919766	0.011799917204072294	T3vsT1	Down
sco00400	Phenylalanine, tyrosine and tryptophan biosynthesis - Streptomyces coelicolor	14	28	0.006866110838646395	1.955125061304561	0.004654566370891751	0.01197868947130342	T3vsT1	Down
sco00300	Lysine biosynthesis - Streptomyces coelicolor	11	20	0.005394801373222168	2.1506375674350173	0.004715016068491772	0.01197868947130342	T3vsT1	Down
sco00785	Lipoic acid metabolism - Streptomyces coelicolor	11	20	0.005394801373222168	2.1506375674350173	0.004715016068491772	0.01197868947130342	T3vsT1	Down
sco00270	Cysteine and methionine metabolism - Streptomyces coelicolor	17	37	0.008337420304070623	1.7966014076852725	0.005703856176640772	0.014109538963269278	T3vsT1	Down
sco03420	Nucleotide excision repair - Streptomyces coelicolor	7	11	0.0034330554193231977	2.4883409871148956	0.008598581203590736	0.02072478546506485	T3vsT1	Down
sco00340	Histidine metabolism - Streptomyces coelicolor	11	22	0.005394801373222168	1.955125061304561	0.01179835057897593	0.02772612386059344	T3vsT1	Down
sco00220	Arginine biosynthesis - Streptomyces coelicolor	14	31	0.006866110838646395	1.7659194102105713	0.013964541698206337	0.032016266332473065	T3vsT1	Down
sco00900	Terpenoid backbone biosynthesis - Streptomyces coelicolor	11	23	0.005394801373222168	1.8701196238565367	0.017478395169095964	0.039118312997500494	T3vsT1	Down
sco00564	Glycerophospholipid metabolism - Streptomyces coelicolor	11	25	0.005394801373222168	1.7205100539480138	0.03452298058126295	0.07546884127066784	T3vsT1	Down
sco00052	Galactose metabolism - Streptomyces coelicolor	14	35	0.006866110838646395	1.5641000490436487	0.04304609596140788	0.09196211409937138	T3vsT1	Down
sco00333	Prodigiosin biosynthesis - Streptomyces coelicolor	18	26	0.009221311475409836	2.827750630517024	1.8223870727049112e-6	1.7312677190696658e-4	T2vsT1	Up
sco01110	Biosynthesis of secondary metabolites - Streptomyces coelicolor	170	515	0.08709016393442623	1.3482910233964664	3.969562762621345e-6	0.00018855423122451389	T2vsT1	Up
sco00920	Sulfur metabolism - Streptomyces coelicolor	12	19	0.006147540983606557	2.579702329594478	3.8671416407410296e-4	0.012245948529013262	T2vsT1	Up
sco00620	Pyruvate metabolism - Streptomyces coelicolor	25	56	0.012807377049180328	1.8234503073770492	7.426401306222019e-4	0.017637703102277295	T2vsT1	Up
sco01100	Metabolic pathways - Streptomyces coelicolor	302	1066	0.15471311475409835	1.157155407067942	0.0010960486986132806	0.02082492527365233	T2vsT1	Up
sco00290	Valine, leucine and isoleucine biosynthesis - Streptomyces coelicolor	10	17	0.005122950819672131	2.4026639344262293	0.0025951598241143047	0.03961318223226969	T2vsT1	Up
sco00909	Sesquiterpenoid and triterpenoid biosynthesis - Streptomyces coelicolor	4	4	0.0020491803278688526	4.08452868852459	0.0035844567829673496	0.03961318223226969	T2vsT1	Up
sco00975	Biosynthesis of various siderophores - Streptomyces coelicolor	6	8	0.0030737704918032786	3.0633965163934422	0.00375282779042555	0.03961318223226969	T2vsT1	Up
sco01320	Sulfur cycle - Streptomyces coelicolor	6	8	0.0030737704918032786	3.0633965163934422	0.00375282779042555	0.03961318223226969	T2vsT1	Up
sco00500	Starch and sucrose metabolism - Streptomyces coelicolor	22	54	0.011270491803278689	1.6640672434729813	0.005986991400247832	0.0568764183023544	T2vsT1	Up
sco00770	Pantothenate and CoA biosynthesis - Streptomyces coelicolor	13	28	0.00665983606557377	1.896388319672131	0.009258884351113708	0.07996309212325475	T2vsT1	Up
sco00410	beta-Alanine metabolism - Streptomyces coelicolor	10	20	0.005122950819672131	2.042264344262295	0.011832286461049587	0.09367226781664256	T2vsT1	Up
sco03010	Ribosome - Streptomyces coelicolor	59	78	0.0326508024349751	3.3374980488981594	7.965459567742823e-35	6.611331441226544e-33	T2vsT1	Down
sco01240	Biosynthesis of cofactors - Streptomyces coelicolor	61	164	0.033757609297177645	1.6411549934536425	1.5300272128990504e-5	6.349612933531059e-4	T2vsT1	Down
sco00240	Pyrimidine metabolism - Streptomyces coelicolor	20	37	0.011068068622025456	2.3850192195515936	3.1940037617724876e-5	8.836743740903883e-4	T2vsT1	Down
sco01232	Nucleotide metabolism - Streptomyces coelicolor	24	49	0.013281682346430549	2.161119456083485	4.556607664819249e-5	9.454960904499942e-4	T2vsT1	Down
sco03440	Homologous recombination - Streptomyces coelicolor	13	23	0.007194244604316547	2.4939005317485146	4.472489758117339e-4	0.00621807695919185	T2vsT1	Down
sco00730	Thiamine metabolism - Streptomyces coelicolor	9	13	0.004980630879911455	3.0546592311949254	4.4949953921868794e-4	0.00621807695919185	T2vsT1	Down
sco00970	Aminoacyl-tRNA biosynthesis - Streptomyces coelicolor	15	95	0.008301051466519093	0.6966766667637551	0.0014314700253321973	0.01697314458608177	T2vsT1	Down
sco03030	DNA replication - Streptomyces coelicolor	11	20	0.006087437742114001	2.4267570558937464	0.001681929163561883	0.017450015071954535	T2vsT1	Down
sco00520	Amino sugar and nucleotide sugar metabolism - Streptomyces coelicolor	22	56	0.012174875484228001	1.7333978970669617	0.00373384196008225	0.034434320298536304	T2vsT1	Down
sco01250	Biosynthesis of nucleotide sugars - Streptomyces coelicolor	18	45	0.00996126175982291	1.764914222468179	0.006705834817335669	0.05565842898388605	T2vsT1	Down
sco00130	Ubiquinone and other terpenoid-quinone biosynthesis - Streptomyces coelicolor	7	12	0.00387382401770891	2.573833241099428	0.00809195419775116	0.05773945040671235	T2vsT1	Down
sco00250	Alanine, aspartate and glutamate metabolism - Streptomyces coelicolor	15	36	0.008301051466519093	1.8384523150710201	0.008347872347958411	0.05773945040671235	T2vsT1	Down
sco00230	Purine metabolism - Streptomyces coelicolor	25	71	0.01383508577753182	1.5536216747079041	0.010712503996365043	0.06839521782294604	T2vsT1	Down
sco03430	Mismatch repair - Streptomyces coelicolor	9	19	0.004980630879911455	2.090030000291265	0.015277781092141582	0.09057541647483938	T2vsT1	Down
sco02010	ABC transporters - Streptomyces coelicolor	91	193	0.046547314578005115	1.9229105654426673	4.083113928120215e-12	3.266491142496172e-10	T3vsT2	Up
sco02024	Quorum sensing - Streptomyces coelicolor	50	101	0.02557544757033248	2.0189410245372366	4.161191210186111e-8	1.6644764840744446e-6	T3vsT2	Up
sco01057	Biosynthesis of type II polyketide products - Streptomyces coelicolor	9	11	0.004603580562659846	3.336758893280632	1.0584240625976085e-4	0.002822464166926956	T3vsT2	Up
sco01056	Biosynthesis of type II polyketide backbone - Streptomyces coelicolor	6	6	0.003069053708439898	4.078260869565217	2.1608863274631478e-4	0.004321772654926295	T3vsT2	Up
sco00333	Prodigiosin biosynthesis - Streptomyces coelicolor	14	26	0.007161125319693095	2.1959866220735784	0.0012255821785458554	0.019609314856733687	T3vsT2	Up
sco00946	Degradation of flavonoids - Streptomyces coelicolor	7	10	0.0035805626598465474	2.8547826086956523	0.0030914369009508473	0.041219158679344635	T3vsT2	Up
sco00253	Tetracycline biosynthesis - Streptomyces coelicolor	6	8	0.003069053708439898	3.058695652173913	0.0037845413437939666	0.04325190107193105	T3vsT2	Up
sco00999	Biosynthesis of various plant secondary metabolites - Streptomyces coelicolor	6	9	0.003069053708439898	2.718840579710145	0.00899935833274299	0.0899935833274299	T3vsT2	Up
sco01100	Metabolic pathways - Streptomyces coelicolor	344	1066	0.23513328776486672	1.7586470012657434	1.561929176329803e-32	1.4213555504601207e-30	T3vsT2	Down
sco01110	Biosynthesis of secondary metabolites - Streptomyces coelicolor	179	515	0.12235133287764867	1.894188693268918	2.953480571158323e-20	1.343833659877037e-18	T3vsT2	Down
sco01240	Biosynthesis of cofactors - Streptomyces coelicolor	72	164	0.04921394395078606	2.392577897070837	2.1590735904015103e-14	6.549189890884581e-13	T3vsT2	Down
sco01230	Biosynthesis of amino acids - Streptomyces coelicolor	66	148	0.045112781954887216	2.430298719772404	1.082652222535898e-13	2.463033806269168e-12	T3vsT2	Down
sco01120	Microbial metabolism in diverse environments - Streptomyces coelicolor	120	356	0.08202323991797676	1.836998010859631	9.735037677433515e-13	1.7717768572928995e-11	T3vsT2	Down
sco01200	Carbon metabolism - Streptomyces coelicolor	62	148	0.04237867395762133	2.2830078882710465	1.705357881374799e-11	2.586459453418445e-10	T3vsT2	Down
sco00260	Glycine, serine and threonine metabolism - Streptomyces coelicolor	27	44	0.01845522898154477	3.3441713788603735	2.86460574069677e-10	3.7239874629058006e-9	T3vsT2	Down
sco00860	Porphyrin metabolism - Streptomyces coelicolor	25	42	0.017088174982911826	3.2439052175894285	3.273264269870862e-9	3.7233381069781055e-8	T3vsT2	Down
sco00270	Cysteine and methionine metabolism - Streptomyces coelicolor	22	37	0.015037593984962405	3.2403982930298723	3.0031732739956635e-8	3.0365418659289483e-7	T3vsT2	Down
sco00230	Purine metabolism - Streptomyces coelicolor	33	71	0.022556390977443608	2.5329873980726463	4.7649237137845716e-8	4.33608057954396e-7	T3vsT2	Down
sco00670	One carbon pool by folate - Streptomyces coelicolor	15	23	0.010252904989747095	3.5541918036197213	9.359684134545472e-7	7.74301142039671e-6	T3vsT2	Down
sco00550	Peptidoglycan biosynthesis - Streptomyces coelicolor	18	33	0.012303485987696514	2.9725967812092216	3.150705503577831e-6	2.389285006879855e-5	T3vsT2	Down
sco01210	2-Oxocarboxylic acid metabolism - Streptomyces coelicolor	24	52	0.016404647983595352	2.515274199484726	3.778056936055053e-6	2.644639855238537e-5	T3vsT2	Down
sco00970	Aminoacyl-tRNA biosynthesis - Streptomyces coelicolor	17	95	0.01161995898838004	0.9752203475195165	5.391782722353727e-6	3.504658769529923e-5	T3vsT2	Down
sco01232	Nucleotide metabolism - Streptomyces coelicolor	22	49	0.015037593984962405	2.446831364124597	1.65284069482403e-5	1.0027233548599114e-4	T3vsT2	Down
sco00290	Valine, leucine and isoleucine biosynthesis - Streptomyces coelicolor	11	17	0.007518796992481203	3.526315789473684	3.192655702521508e-5	1.815822930809108e-4	T3vsT2	Down
sco00010	Glycolysis / Gluconeogenesis - Streptomyces coelicolor	24	58	0.016404647983595352	2.255073420227685	3.660510329639408e-5	1.9594496470422713e-4	T3vsT2	Down
sco00785	Lipoic acid metabolism - Streptomyces coelicolor	12	20	0.008202323991797676	3.2698564593301436	4.0784267895593974e-5	2.061871321388362e-4	T3vsT2	Down
sco00450	Selenocompound metabolism - Streptomyces coelicolor	10	15	0.00683526999316473	3.6331738437001593	5.1328615689210614e-5	2.458370540904298e-4	T3vsT2	Down
sco00680	Methane metabolism - Streptomyces coelicolor	15	31	0.010252904989747095	2.6369810155888254	1.3043797359859978e-4	5.881759060607053e-4	T3vsT2	Down
sco00920	Sulfur metabolism - Streptomyces coelicolor	11	19	0.007518796992481203	3.155124653739612	1.3573290139862432e-4	5.881759060607053e-4	T3vsT2	Down
sco00564	Glycerophospholipid metabolism - Streptomyces coelicolor	13	25	0.00888585099111415	2.833875598086125	1.4600163622536285e-4	6.039158589321828e-4	T3vsT2	Down
sco00720	Other carbon fixation pathways - Streptomyces coelicolor	18	42	0.012303485987696514	2.3356117566643886	2.0043191205163468e-4	7.930132172477719e-4	T3vsT2	Down
sco00300	Lysine biosynthesis - Streptomyces coelicolor	11	20	0.007518796992481203	2.9973684210526312	2.51781231235661e-4	9.164836816978061e-4	T3vsT2	Down
sco00480	Glutathione metabolism - Streptomyces coelicolor	11	20	0.007518796992481203	2.9973684210526312	2.51781231235661e-4	9.164836816978061e-4	T3vsT2	Down
sco00030	Pentose phosphate pathway - Streptomyces coelicolor	17	40	0.01161995898838004	2.3161483253588515	3.386034985206363e-4	0.001185112244822227	T3vsT2	Down
sco04122	Sulfur relay system - Streptomyces coelicolor	9	15	0.006151742993848257	3.2698564593301436	3.9629516638425697e-4	0.0013356614867024957	T3vsT2	Down
sco00190	Oxidative phosphorylation - Streptomyces coelicolor	24	67	0.016404647983595352	1.952153110047847	5.104202598920849e-4	0.001658865844649276	T3vsT2	Down
sco00620	Pyruvate metabolism - Streptomyces coelicolor	21	56	0.014354066985645933	2.0436602870813396	5.59075407725214e-4	0.0017543400725170506	T3vsT2	Down
sco00975	Biosynthesis of various siderophores - Streptomyces coelicolor	6	8	0.004101161995898838	4.087320574162679	7.541627447095561e-4	0.0022876269922856535	T3vsT2	Down
sco00909	Sesquiterpenoid and triterpenoid biosynthesis - Streptomyces coelicolor	4	4	0.002734107997265892	5.449760765550239	0.0011298858915743772	0.0033167618107505913	T3vsT2	Down
sco00020	Citrate cycle (TCA cycle) - Streptomyces coelicolor	15	37	0.010252904989747095	2.2093624725203673	0.0013496840583072777	0.0037218560395746144	T3vsT2	Down
sco00240	Pyrimidine metabolism - Streptomyces coelicolor	15	37	0.010252904989747095	2.2093624725203673	0.0013496840583072777	0.0037218560395746144	T3vsT2	Down
sco00710	Carbon fixation by Calvin cycle - Streptomyces coelicolor	10	22	0.00683526999316473	2.4771639843410176	0.0031653150686753026	0.008471872683807427	T3vsT2	Down
sco00640	Propanoate metabolism - Streptomyces coelicolor	13	33	0.00888585099111415	2.146875453095549	0.003760776470718177	0.00977801882386726	T3vsT2	Down
sco03070	Bacterial secretion system - Streptomyces coelicolor	8	16	0.005468215994531784	2.7248803827751193	0.003999039022390301	0.010108681973264371	T3vsT2	Down
sco00660	C5-Branched dibasic acid metabolism - Streptomyces coelicolor	7	13	0.004784688995215311	2.9344865660655133	0.004211563469348577	0.010358169613803259	T3vsT2	Down
sco03050	Proteasome - Streptomyces coelicolor	3	3	0.002050580997949419	5.44976076555024	0.006167938736882041	0.014770590133059626	T3vsT2	Down
sco00360	Phenylalanine metabolism - Streptomyces coelicolor	13	35	0.00888585099111415	2.0241968557758034	0.006755237017358106	0.015762110322298933	T3vsT2	Down
sco01320	Sulfur cycle - Streptomyces coelicolor	5	8	0.003417634996582365	3.406100478468899	0.0070714763624158015	0.015762110322298933	T3vsT2	Down
sco00261	Monobactam biosynthesis - Streptomyces coelicolor	7	14	0.004784688995215311	2.7248803827751193	0.007101610145211606	0.015762110322298933	T3vsT2	Down
sco00750	Vitamin B6 metabolism - Streptomyces coelicolor	6	11	0.004101161995898838	2.9725967812092216	0.007510210427131816	0.015890777980589008	T3vsT2	Down
sco00400	Phenylalanine, tyrosine and tryptophan biosynthesis - Streptomyces coelicolor	11	28	0.007518796992481203	2.1409774436090223	0.007683453089515564	0.015890777980589008	T3vsT2	Down
sco00770	Pantothenate and CoA biosynthesis - Streptomyces coelicolor	11	28	0.007518796992481203	2.1409774436090223	0.007683453089515564	0.015890777980589008	T3vsT2	Down
sco00340	Histidine metabolism - Streptomyces coelicolor	9	22	0.006151742993848257	2.229447585906916	0.011511268828243356	0.023278343630447673	T3vsT2	Down
sco00900	Terpenoid backbone biosynthesis - Streptomyces coelicolor	9	23	0.006151742993848257	2.132515082171833	0.01589538002884001	0.03144520831792263	T3vsT2	Down
sco00552	Teichoic acid biosynthesis - Streptomyces coelicolor	4	7	0.002734107997265892	3.114149008885851	0.024680609206150606	0.04778586037786607	T3vsT2	Down
sco03018	RNA degradation - Streptomyces coelicolor	6	15	0.004101161995898838	2.1799043062200956	0.029675016928320964	0.056258886259941826	T3vsT2	Down
sco03060	Protein export - Streptomyces coelicolor	8	23	0.005468215994531784	1.8955689619305183	0.03546870398696804	0.06538235225777689	T3vsT2	Down
sco03420	Nucleotide excision repair - Streptomyces coelicolor	5	11	0.003417634996582365	2.4771639843410176	0.03592436937240488	0.06538235225777689	T3vsT2	Down
sco00780	Biotin metabolism - Streptomyces coelicolor	7	19	0.004784688995215311	2.0078065978342985	0.04488683736246606	0.08009219999969436	T3vsT2	Down
sco00630	Glyoxylate and dicarboxylate metabolism - Streptomyces coelicolor	16	57	0.010936431989063569	1.5297574078737515	0.046936994548509095	0.08213974045989092	T3vsT2	Down
sco00130	Ubiquinone and other terpenoid-quinone biosynthesis - Streptomyces coelicolor	5	12	0.003417634996582365	2.2707336523125994	0.05250362887110015	0.09014774013717196	T3vsT2	Down
sco00280	Valine, leucine and isoleucine degradation - Streptomyces coelicolor	13	45	0.00888585099111415	1.574375332270069	0.056282215046501896	0.0931214830769395	T3vsT2	Down
sco01250	Biosynthesis of nucleotide sugars - Streptomyces coelicolor	13	45	0.00888585099111415	1.574375332270069	0.056282215046501896	0.0931214830769395	T3vsT2	Down
