kmer,obs_count,obs_freq,genome_count,genome_freq,enrichment,p_value
AAGC,482,0.18711180124223603,34143,0.003461564899450071,54.054107514194506,0.0
AGCC,482,0.18711180124223603,86820,0.008802186819267645,21.257422170665087,0.0
GCCC,644,0.25,216110,0.021910165785670704,11.410228587293508,0.0
CCCG,644,0.25,236130,0.023939879908243134,10.44282598568585,0.0
CCGA,95,0.03687888198757764,154900,0.01570443144787558,2.3483105459743614,1.1450808376796847e-13
ACGG,67,0.026009316770186336,139023,0.014094752570548787,1.8453191455473452,2.7102553276398046e-06
CACG,31,0.01203416149068323,120247,0.012191160544304035,0.9871218943389144,0.5531834690351567
CGAG,42,0.016304347826086956,167124,0.016943753397642085,0.9622630501902778,0.6200506404718631
CGAC,37,0.01436335403726708,206177,0.020903115317163615,0.6871393961776254,0.9939937834323328
CGAA,11,0.004270186335403727,66693,0.006761624574261886,0.6315325981951415,0.9601820924967184
CGTC,32,0.012422360248447204,200080,0.020284975107107465,0.6123921859827498,0.9990482984908496
ATCG,5,0.0019409937888198758,66190,0.006710628260393059,0.2892417391492025,0.9998574636409359
AACG,2,0.0007763975155279503,43226,0.004382438694421368,0.17716106708264204,0.9998494504782683
CGTA,2,0.0007763975155279503,50621,0.005132175754182762,0.15128038335304092,0.9999749605568805
