locus_tag	gene_name	old_locus_tag	group	gene_length	gc_content	gc3	gc3_deviation	nc	rare_codon_freq
SC_RS26000			Shielded	612	0.7450980392156863	0.946078431372549	0.03174968099385045	29.465044351676433	0.024630541871921183
SC_RS22590			Shielded	207	0.714975845410628	0.8695652173913043	0.04476353298739422	32.078526280873966	0.029411764705882353
SC_RS41270			Shielded	573	0.6893542757417103	0.8115183246073299	0.10281042577136867	43.1813527239194	0.042105263157894736
SC_RS40940			Shielded	384	0.6979166666666666	0.8359375	0.07839125037869854	36.77320399729272	0.06299212598425197
SC_RS40930			Shielded	507	0.6706114398422091	0.8224852071005917	0.09184354327810684	34.65750752200588	0.05952380952380952
SC_RS40695			Shielded	711	0.739803094233474	0.9029535864978903	0.011375163880808281	37.718361364026464	0.05084745762711865
SC_RS40665			Shielded	456	0.6776315789473685	0.8618421052631579	0.05248664511554069	37.67489276423554	0.046357615894039736
SC_RS39710			Shielded	1041	0.7243035542747358	0.9106628242074928	0.003665926171205758	33.526204186512395	0.028901734104046242
SC_RS38605			Shielded	888	0.6880630630630631	0.9391891891891891	0.024860438810490604	31.338254258408767	0.023728813559322035
SC_RS37690			Shielded	2799	0.7413361914969632	0.8971061093247589	0.01722264105393967	32.54351117340972	0.03111587982832618
SC_RS37660			Shielded	348	0.7068965517241379	0.9137931034482759	0.0005356469304226286	32.147613358059566	0.008695652173913044
SC_RS37565			Shielded	552	0.7192028985507246	0.9402173913043478	0.025888640925649242	30.95832534113464	0.02185792349726776
SC_RS37535			Shielded	537	0.7392923649906891	0.9162011173184358	0.0018723669397372467	33.67545646081383	0.03932584269662921
SC_RS37510			Shielded	762	0.7716535433070866	0.9488188976377953	0.034490147259096715	31.611280342772936	0.023715415019762844
SC_RS37435			Shielded	408	0.7426470588235294	0.9411764705882353	0.02684772020953674	32.28918074142629	0.02962962962962963
SC_RS37350			Shielded	918	0.7668845315904139	0.9019607843137255	0.012367966064973035	32.36446321518342	0.029508196721311476
SC_RS36140			Shielded	597	0.7202680067001676	0.9396984924623115	0.02536974208361298	31.353118222250753	0.020202020202020204
SC_RS35560			Shielded	657	0.7488584474885844	0.958904109589041	0.0445753592103425	31.03191214341984	0.01834862385321101
SC_RS35300			Shielded	432	0.7199074074074074	0.9166666666666666	0.0023379162879680893	33.138484936207746	0.027972027972027972
SC_RS35020			Shielded	678	0.7374631268436578	0.9247787610619469	0.010450010683248356	33.07442304659271	0.022222222222222223
SC_RS34880			Shielded	864	0.7060185185185185	0.9444444444444444	0.03011569406574588	32.63888197862692	0.027874564459930314
SC_RS34245			Shielded	252	0.7619047619047619	0.9166666666666666	0.0023379162879680893	31.355543077644036	0.024096385542168676
SC_RS33805			Shielded	648	0.7114197530864198	0.9166666666666666	0.0023379162879680893	30.92908194852288	0.027906976744186046
SC_RS33575			Shielded	648	0.6574074074074074	0.8564814814814815	0.05784726889721703	36.0152211960599	0.046511627906976744
SC_RS33480			Shielded	813	0.7380073800738007	0.9704797047970479	0.056150954418349386	28.938844436665338	0.014814814814814815
SC_RS32970			Shielded	570	0.7491228070175439	0.9789473684210527	0.06461861804235414	28.4428708252471	0.010582010582010581
SC_RS32950			Shielded	660	0.7212121212121212	0.9636363636363636	0.049307613257665084	30.24852098512361	0.0228310502283105
SC_RS32285			Shielded	1104	0.6476449275362319	0.9646739130434783	0.05034516266477973	30.517357191374295	0.010899182561307902
SC_RS32280			Shielded	1212	0.7318481848184818	0.9133663366336634	0.00096241374503514	33.28902457720084	0.04962779156327544
SC_RS32255			Shielded	861	0.6945412311265969	0.9059233449477352	0.008405405430963353	34.5806758823975	0.05244755244755245
SC_RS32230			Shielded	1530	0.6973856209150326	0.9705882352941176	0.0562594849154191	26.853438104324297	0.005893909626719057
SC_RS31920			Shielded	645	0.7271317829457364	0.9162790697674419	0.001950319388743349	32.04942657502673	0.03271028037383177
SC_RS31650			Shielded	654	0.6513761467889908	0.8256880733944955	0.08864067698420308	36.5852160297307	0.06451612903225806
SC_RS31400			Shielded	1266	0.7669826224328594	0.9407582938388626	0.026429543460164018	32.89718996138299	0.026128266033254157
SC_RS31340			Shielded	1536	0.6764322916666666	0.92578125	0.01145249962130146	30.741458577927652	0.03522504892367906
SC_RS31130			Shielded	687	0.7132459970887919	0.9563318777292577	0.04200312735055911	28.13499793585593	0.02631578947368421
SC_RS31005			Shielded	381	0.6850393700787402	0.7874015748031497	0.1269271755755489	41.15904587011251	0.06349206349206349
SC_RS30985			Shielded	864	0.7141203703703703	0.9409722222222222	0.02664347184352367	30.31682983862996	0.024390243902439025
SC_RS30675			Shielded	1014	0.7258382642998028	0.9467455621301775	0.032416811751478924	30.11513208555654	0.02967359050445104
SC_RS30495			Shielded	516	0.6744186046511628	0.936046511627907	0.021717761249208434	32.377601504763966	0.029239766081871343
SC_RS30335			Shielded	558	0.7473118279569892	0.946236559139785	0.031907808761086454	30.51911423982831	0.016216216216216217
SC_RS30020			Shielded	234	0.6282051282051282	0.8333333333333334	0.08099541704536517	35.45849022172207	0.06493506493506493
SC_RS29960			Shielded	645	0.7255813953488373	0.9441860465116279	0.029857296132929312	30.447853176511586	0.009345794392523364
SC_RS29825			Shielded	603	0.7396351575456053	0.9502487562189055	0.03592000584020694	31.45624677805718	0.03
SC_RS29770			Shielded	591	0.6954314720812182	0.9390862944162437	0.024757544037545154	31.974130799496884	0.02040816326530612
SC_RS29670			Shielded	495	0.7272727272727273	0.9636363636363636	0.049307613257665084	25.9775821085844	0.006097560975609756
SC_RS29205			Shielded	477	0.6561844863731656	0.9182389937106918	0.003910243331993302	36.05172239440369	0.03164556962025317
SC_RS29195			Shielded	669	0.7159940209267563	0.968609865470852	0.0542811150921535	29.13806564073184	0.02252252252252252
SC_RS29100			Shielded	642	0.6869158878504673	0.9485981308411215	0.034269380462423005	30.67495524545317	0.023474178403755867
SC_RS28600			Shielded	735	0.7238095238095238	0.9591836734693877	0.04485492309068917	27.661996954665312	0.01639344262295082
SC_RS28505			Shielded	1083	0.7423822714681441	0.9362880886426593	0.021959338263960793	31.034167492583666	0.03333333333333333
SC_RS28335			Shielded	765	0.7032679738562092	0.9568627450980393	0.04253399471934072	29.84403195452893	0.01968503937007874
SC_RS28260			Shielded	684	0.6842105263157895	0.8903508771929824	0.023977873185716092	32.738037100912436	0.06167400881057269
SC_RS27900			Shielded	672	0.7142857142857143	0.9241071428571429	0.009778392478444364	32.30611106297261	0.03139013452914798
SC_RS27660			Shielded	753	0.7370517928286853	0.9282868525896414	0.013958102210942847	31.92694724993057	0.048
SC_RS27585			Shielded	768	0.6341145833333334	0.80859375	0.10573500037869854	42.59824945243841	0.09803921568627451
SC_RS27345			Shielded	525	0.6761904761904762	0.9142857142857143	4.3036092984283236e-05	32.56426386189459	0.028735632183908046
SC_RS27330			Shielded	939	0.7401490947816827	0.9297124600638977	0.015383709685199198	32.0376530572561	0.022435897435897436
SC_RS27290			Shielded	918	0.7113289760348583	0.8562091503267973	0.0581196000519012	35.21060145448937	0.04590163934426229
SC_RS26925			Shielded	597	0.7236180904522613	0.9346733668341709	0.020344616455472364	33.529234647381045	0.030303030303030304
SC_RS26695			Shielded	678	0.6991150442477876	0.915929203539823	0.0016004531611244488	31.53116655092357	0.04888888888888889
SC_RS26635			Shielded	1005	0.7213930348258707	0.9731343283582089	0.05880557797951036	28.604739040601544	0.014970059880239521
SC_RS26515			Shielded	651	0.7050691244239631	0.9216589861751152	0.007330235796416673	34.20368965628477	0.037037037037037035
SC_RS26490			Shielded	663	0.746606334841629	0.9004524886877828	0.013876261690915714	32.056990176654224	0.03636363636363636
SC_RS26005			Shielded	588	0.7380952380952381	0.9540816326530612	0.03975288227436269	30.804548344139377	0.03076923076923077
SC_RS25615			Shielded	357	0.7002801120448179	0.8319327731092437	0.0823959772694548	39.80053923798894	0.059322033898305086
SC_RS25375			Shielded	594	0.6868686868686869	0.9444444444444444	0.03011569406574588	32.43557344985316	0.025380710659898477
SC_RS24435			Shielded	603	0.7263681592039801	0.9353233830845771	0.020994632705878535	32.906972810837914	0.03
SC_RS24270			Shielded	636	0.6525157232704403	0.8537735849056604	0.060555165473038186	39.99478548663079	0.08530805687203792
SC_RS24215			Shielded	594	0.7575757575757576	0.9393939393939394	0.025065189015240907	30.30711042266052	0.02030456852791878
SC_RS24205			Shielded	774	0.7377260981912145	0.9186046511627907	0.004275900784092124	31.684448003849663	0.027237354085603113
SC_RS24140			Shielded	693	0.7215007215007215	0.961038961038961	0.046710210660262486	30.510528349395717	0.021739130434782608
SC_RS23860			Shielded	438	0.7031963470319634	0.958904109589041	0.0445753592103425	30.352974096410314	0.006896551724137931
SC_RS23750			Shielded	651	0.7265745007680492	0.9447004608294931	0.030371710450794565	28.473998674639688	0.013888888888888888
SC_RS23700			Shielded	609	0.7274220032840722	0.9310344827586207	0.016705732379922122	30.80139085938778	0.024752475247524754
SC_RS23135			Shielded	876	0.6963470319634704	0.952054794520548	0.037726044141849435	30.719472776472003	0.027491408934707903
SC_RS23070			Shielded	843	0.6702253855278766	0.8505338078291815	0.06379494254951701	38.2934292236566	0.05
SC_RS22980			Exposed	1023	0.7243401759530792	0.9472140762463344	0.03288532586763582	30.326042443017613	0.029411764705882353
SC_RS22780			Exposed	549	0.7122040072859745	0.9453551912568307	0.03102644087813211	30.033912470330634	0.027472527472527472
SC_RS22290			Shielded	957	0.7157784743991641	0.9749216300940439	0.06059287971534533	27.06786512324551	0.009433962264150943
SC_RS21715			Shielded	465	0.7225806451612903	0.9419354838709677	0.027606733492269164	31.111262952781022	0.01948051948051948
SC_RS21645			Shielded	678	0.6828908554572272	0.8539823008849557	0.06034644949374279	37.33138550929852	0.08444444444444445
SC_RS21295			Shielded	630	0.7111111111111111	0.9523809523809523	0.03805220200225379	30.7413305203582	0.03349282296650718
SC_RS21290			Shielded	513	0.7407407407407407	0.9649122807017544	0.05058353032305585	28.943284577480945	0.011764705882352941
SC_RS21185			Shielded	348	0.7212643678160919	0.896551724137931	0.01777702624076749	31.883936094723396	0.017391304347826087
SC_RS21175			Shielded	651	0.7327188940092166	0.9447004608294931	0.030371710450794565	29.66490494469145	0.009259259259259259
SC_RS21030			Shielded	1350	0.76	0.94	0.025671249621301406	29.940195852174295	0.028953229398663696
SC_RS20810			Shielded	492	0.717479674796748	0.9207317073170732	0.006402956938374671	33.87659855251192	0.03067484662576687
SC_RS20680			Shielded	555	0.7315315315315315	0.8594594594594595	0.05486929091923909	32.791211897044576	0.059782608695652176
SC_RS20630			Shielded	309	0.686084142394822	0.912621359223301	0.0017073911553975307	31.750138744587243	0.0392156862745098
SC_RS20470			Shielded	1119	0.6684539767649688	0.9758713136729222	0.061542563294223696	28.89006052803586	0.008064516129032258
SC_RS20445			Shielded	2598	0.7113163972286374	0.9630484988452656	0.048719748466567014	28.051809980776213	0.015028901734104046
SC_RS20165			Shielded	1083	0.7433056325023084	0.9584487534626038	0.04412000308390529	30.247970686818036	0.022222222222222223
SC_RS19990			Shielded	675	0.725925925925926	0.96	0.045671249621301424	28.283545525031798	0.008928571428571428
SC_RS19230			Shielded	825	0.6872727272727273	0.9309090909090909	0.016580340530392368	32.738094669206696	0.032846715328467155
SC_RS19195			Shielded	447	0.7114093959731543	0.8859060402684564	0.02842271011024211	34.49173855289838	0.033783783783783786
SC_RS18990			Shielded	2526	0.6761678543151227	0.9501187648456056	0.035790014466907105	28.686503815830005	0.026159334126040427
SC_RS18920			Shielded	453	0.7130242825607064	0.9271523178807947	0.012823567502096123	28.953387624271667	0.013333333333333334
SC_RS18895			Shielded	534	0.7209737827715356	0.9550561797752809	0.04072742939658236	32.505367553375905	0.01694915254237288
SC_RS18720			Shielded	795	0.7119496855345911	0.9207547169811321	0.006425966602433553	31.57880846637281	0.03409090909090909
SC_RS18125			Shielded	999	0.7097097097097097	0.963963963963964	0.04963521358526546	27.240754903788783	0.009036144578313253
SC_RS18105			Shielded	762	0.7493438320209974	0.9488188976377953	0.034490147259096715	28.864265691591736	0.015810276679841896
SC_RS17975			Shielded	648	0.7283950617283951	0.9351851851851852	0.02085643480648669	27.45982551176107	0.009302325581395349
SC_RS17945			Shielded	600	0.6966666666666667	0.935	0.020671249621301513	31.257459229179187	0.020100502512562814
SC_RS17790			Shielded	498	0.7208835341365462	0.9036144578313253	0.010714292547373216	33.694314042154964	0.030303030303030304
SC_RS17455			Shielded	915	0.6863387978142077	0.9278688524590164	0.013540102080317862	30.885057429717513	0.01644736842105263
SC_RS17430			Shielded	678	0.7168141592920354	0.9380530973451328	0.023724346966434218	27.465005015020413	0.02666666666666667
SC_RS17165			Shielded	690	0.6768115942028986	0.9130434782608695	0.0012852721178290283	30.969744387542363	0.056768558951965066
SC_RS17140			Shielded	759	0.6640316205533597	0.924901185770751	0.010572435392052437	33.31237128447515	0.06349206349206349
SC_RS16145			Shielded	327	0.7125382262996942	0.8807339449541285	0.03359480542457005	29.965437106330583	0.046296296296296294
SC_RS16060			Shielded	1056	0.7433712121212122	0.9403409090909091	0.02601215871221052	28.761382124642964	0.02564102564102564
SC_RS15850			Shielded	1047	0.7564469914040115	0.9656160458452722	0.051287295466573624	29.388072178743293	0.02586206896551724
SC_RS14555			Shielded	897	0.7346711259754738	0.959866220735786	0.04553747035708744	30.552643371285782	0.020134228187919462
SC_RS14495			Shielded	585	0.7538461538461538	0.9692307692307692	0.05490201885207069	28.58888165247848	0.010309278350515464
SC_RS14235			Shielded	774	0.7325581395348837	0.9496124031007752	0.035283652722076675	30.29060575891627	0.019455252918287938
SC_RS14165			Shielded	1212	0.7277227722772277	0.9306930693069307	0.016364318928232202	31.914476393056148	0.03722084367245657
SC_RS13190			Shielded	1035	0.7285024154589372	0.9710144927536232	0.05668574237492463	30.11277719978138	0.01744186046511628
SC_RS12950			Shielded	624	0.7291666666666666	0.9663461538461539	0.052017403467455314	28.672846075113235	0.00966183574879227
SC_RS12745			Shielded	282	0.6666666666666666	0.9680851063829787	0.05375635600428019	25.833761992138108	0.010752688172043012
SC_RS12565			Shielded	366	0.6857923497267759	0.9016393442622951	0.012689406116403457	32.66930359493085	0.04132231404958678
SC_RS12095			Shielded	657	0.684931506849315	0.9634703196347032	0.04914156925600466	30.620132404314084	0.01834862385321101
SC_RS11925			Shielded	861	0.7038327526132404	0.9198606271777003	0.0055318767990018	32.15836074318309	0.017482517482517484
SC_RS11665			Shielded	759	0.7259552042160737	0.8853754940711462	0.0289532563075523	34.809978859356235	0.03968253968253968
SC_RS11390			Shielded	774	0.710594315245478	0.9534883720930233	0.039159621714324744	30.126169671896935	0.019455252918287938
SC_RS11090			Shielded	693	0.7344877344877345	0.948051948051948	0.033723197673249494	29.29581738368248	0.017391304347826087
SC_RS10650			Shielded	366	0.7486338797814208	0.9016393442622951	0.012689406116403457	33.92902060169281	0.04132231404958678
SC_RS10500			Shielded	528	0.7215909090909091	0.9034090909090909	0.010919659469607601	31.630935075931284	0.02857142857142857
SC_RS10300			Shielded	765	0.7359477124183007	0.9686274509803922	0.05429870060169362	29.67296743699087	0.011811023622047244
SC_RS10105			Shielded	570	0.7368421052631579	0.9421052631578948	0.02777651277919624	30.15432444261274	0.015873015873015872
SC_RS10090			Shielded	978	0.7709611451942741	0.9447852760736196	0.030456525694921077	29.859992192910816	0.024615384615384615
SC_RS09420			Shielded	504	0.7162698412698413	0.9464285714285714	0.032099821049872856	29.480514068507528	0.029940119760479042
SC_RS09265			Shielded	453	0.7218543046357616	0.9668874172185431	0.05255866683984456	29.12551013480651	0.013333333333333334
SC_RS09210			Shielded	1200	0.7633333333333333	0.935	0.020671249621301513	29.144910228633094	0.017543859649122806
SC_RS08870			Shielded	687	0.7205240174672489	0.8864628820960698	0.027865868282628714	36.833713466228616	0.06578947368421052
SC_RS08435			Shielded	492	0.717479674796748	0.8902439024390244	0.024084847939674137	35.640243291663204	0.049079754601226995
SC_RS08265			Shielded	1155	0.7567099567099567	0.935064935064935	0.020736184686236503	30.798760971663317	0.036458333333333336
SC_RS08165			Shielded	861	0.7003484320557491	0.89198606271777	0.022342687660928506	35.44537566780102	0.055944055944055944
SC_RS08060			Shielded	504	0.7063492063492064	0.9285714285714286	0.014242678192730063	31.198065164806366	0.017964071856287425
SC_RS08055			Shielded	762	0.7283464566929134	0.9330708661417323	0.01874211576303375	30.731670366794518	0.02766798418972332
SC_RS08005			Shielded	657	0.7351598173515982	0.9315068493150684	0.0171780989363699	30.2488613853792	0.04128440366972477
SC_RS07625			Shielded	591	0.7225042301184433	0.949238578680203	0.034909828301504464	30.514427407603883	0.02040816326530612
SC_RS07545			Shielded	477	0.7232704402515723	0.9308176100628931	0.016488859684194557	31.461192037246025	0.03164556962025317
SC_RS07425			Shielded	579	0.7271157167530224	0.9533678756476683	0.0390391252689698	31.956374370770433	0.010416666666666666
SC_RS07085			Shielded	825	0.7296969696969697	0.92	0.0056712496213014996	30.763613150134102	0.058394160583941604
SC_RS06310			Exposed	2667	0.7401574803149606	0.8661417322834646	0.04818701809523396	37.3070929768318	0.04954954954954955
SC_RS04925			Shielded	846	0.6855791962174941	0.9432624113475178	0.02893366096881922	29.621667904701724	0.0
SC_RS04060			Shielded	624	0.7467948717948718	0.9134615384615384	0.0008672119171601045	32.443761375067716	0.043478260869565216
SC_RS03980			Shielded	897	0.7424749163879598	0.9264214046822743	0.012092654303575756	32.660239722755115	0.02348993288590604
SC_RS31555			Shielded	654	0.7110091743119266	0.9678899082568807	0.053561157878182164	27.08146075462887	0.009216589861751152
SC_RS18745			Shielded	213	0.647887323943662	0.8169014084507042	0.0974273419279943	61.0	0.02857142857142857
SC_RS16875			Shielded	525	0.6933333333333334	0.8971428571428571	0.01718589323584141	34.5812914473469	0.040229885057471264
SC_RS02550			Shielded	567	0.7160493827160493	0.8941798941798942	0.020148856198804355	32.0264887025055	0.015957446808510637
SC_RS02625			Shielded	2760	0.7333333333333333	0.8739130434782608	0.04041570690043772	36.92451474038093	0.046789989118607184
SC_RS02920			Shielded	609	0.7208538587848933	0.8916256157635468	0.02270313461515172	35.67895036631944	0.034653465346534656
SC_RS02970			Shielded	702	0.7008547008547008	0.9230769230769231	0.008748172698224588	32.784966243916486	0.02145922746781116
SC_RS03095			Shielded	840	0.6928571428571428	0.8678571428571429	0.04647160752155566	34.840541740851044	0.043010752688172046
SC_RS03135			Shielded	675	0.6918518518518518	0.8755555555555555	0.03877319482314301	36.168633753075376	0.022321428571428572
SC_RS03230			Shielded	936	0.7104700854700855	0.8910256410256411	0.02330310935305746	34.94732154242971	0.05466237942122187
SC_RS03240			Shielded	453	0.7019867549668874	0.8675496688741722	0.046779081504526365	35.353820746599695	0.05333333333333334
SC_RS03355			Shielded	1005	0.6805970149253732	0.8388059701492537	0.07552278022944481	41.320741907438716	0.059880239520958084
SC_RS03410			Shielded	864	0.7349537037037037	0.8888888888888888	0.0254398614898097	35.03544357378686	0.05226480836236934
SC_RS03600			Shielded	567	0.7231040564373897	0.8941798941798942	0.020148856198804355	32.262392548582014	0.031914893617021274
SC_RS03790			Shielded	603	0.7097844112769486	0.900497512437811	0.013831237940887586	39.45995814947523	0.045
SC_RS03945			Shielded	1005	0.7522388059701492	0.9044776119402985	0.00985113843840002	35.447371196666104	0.03592814371257485
SC_RS04075			Shielded	1005	0.7293532338308458	0.9402985074626866	0.025969757083988076	32.37446707068047	0.020958083832335328
SC_RS04145			Shielded	447	0.7002237136465325	0.87248322147651	0.04184552890218851	36.80840620494149	0.02702702702702703
SC_RS04520			Shielded	582	0.7491408934707904	0.9432989690721649	0.028970218693466387	30.269535839948034	0.02072538860103627
SC_RS04705			Shielded	1023	0.7790811339198436	0.9472140762463344	0.03288532586763582	30.450753382153813	0.01764705882352941
SC_RS04835			Shielded	762	0.7335958005249343	0.9566929133858267	0.0423641630071282	29.989431200895535	0.019762845849802372
SC_RS04870			Shielded	888	0.7635135135135135	0.9324324324324325	0.018103682053733916	31.501101308268545	0.020338983050847456
SC_RS05030			Shielded	642	0.7398753894080997	0.897196261682243	0.01713248869645556	31.89616653034167	0.03755868544600939
SC_RS06810			Shielded	912	0.706140350877193	0.8651315789473685	0.04919717143133007	38.14548892796878	0.0462046204620462
SC_RS07440			Shielded	576	0.7638888888888888	0.9322916666666666	0.01796291628796809	30.120256319589046	0.031413612565445025
SC_RS07560			Shielded	837	0.7491039426523297	0.9175627240143369	0.0032339736356383764	32.95775450295052	0.025179856115107913
SC_RS07675			Shielded	462	0.7510822510822511	0.9285714285714286	0.014242678192730063	32.62342712454622	0.0196078431372549
SC_RS07910			Exposed	474	0.7383966244725738	0.9493670886075949	0.03503833822889635	30.345450314608193	0.012738853503184714
SC_RS07955			Shielded	576	0.7517361111111112	0.953125	0.03879624962130146	30.380576566386992	0.010471204188481676
SC_RS08270			Shielded	762	0.7598425196850394	0.9448818897637795	0.030553139385080974	31.649965194508926	0.011857707509881422
SC_RS08405			Shielded	1524	0.7690288713910761	0.905511811023622	0.008816939355076547	33.40953932641771	0.04339250493096647
SC_RS08755			Shielded	912	0.7521929824561403	0.9605263157894737	0.04619756541077513	31.037972755488816	0.019801980198019802
SC_RS08765			Shielded	1338	0.7713004484304933	0.92152466367713	0.0071959132984315	36.23328188833974	0.035955056179775284
SC_RS08795			Shielded	654	0.7385321100917431	0.9036697247706422	0.010659025608056316	29.896068561184837	0.059907834101382486
SC_RS09025			Shielded	696	0.7097701149425287	0.9353448275862069	0.02101607720750831	32.44588186845098	0.025974025974025976
SC_RS10405			Shielded	702	0.7307692307692307	0.9401709401709402	0.02584218979224162	29.193317429900908	0.02145922746781116
SC_RS11480			Shielded	669	0.7309417040358744	0.9327354260089686	0.018406675630270097	32.13721809355342	0.03153153153153153
SC_RS11810			Shielded	1107	0.7326106594399278	0.9132791327913279	0.0010496175873706548	32.628302128738454	0.03804347826086957
SC_RS12540			Shielded	630	0.7238095238095238	0.9619047619047619	0.04757601152606339	26.794086112360034	0.014354066985645933
SC_RS13110			Shielded	654	0.7186544342507645	0.926605504587156	0.012276754208457419	33.37219924792978	0.027649769585253458
SC_RS13245			Shielded	579	0.7305699481865285	0.9326424870466321	0.018313736667933567	31.5816824776092	0.010416666666666666
SC_RS13290			Shielded	855	0.6736842105263158	0.8631578947368421	0.051170855641856416	37.73905452532077	0.056338028169014086
SC_RS13505			Shielded	762	0.7519685039370079	0.937007874015748	0.022679123637049492	32.17830509180854	0.02766798418972332
SC_RS13905			Shielded	684	0.7280701754385965	0.9385964912280702	0.024267740849371666	33.557824383735884	0.01762114537444934
SC_RS14615			Shielded	834	0.6534772182254197	0.8201438848920863	0.0941848654866122	39.856631908732034	0.10469314079422383
SC_RS15295			Shielded	903	0.7729789590254706	0.9568106312292359	0.04248188085053739	32.12332105709265	0.013333333333333334
SC_RS15310			Shielded	519	0.7321772639691715	0.930635838150289	0.01630708777159051	30.665837753263403	0.029069767441860465
SC_RS16045			Shielded	1197	0.7577276524644946	0.9523809523809523	0.03805220200225379	29.02078201798617	0.022613065326633167
SC_RS16305			Shielded	894	0.727069351230425	0.9060402684563759	0.008288481922322677	34.109108579192664	0.030303030303030304
SC_RS16420			Shielded	843	0.6559905100830368	0.8398576512455516	0.07447109913314698	38.82447326054988	0.05357142857142857
SC_RS16445			Shielded	846	0.6453900709219859	0.776595744680851	0.13773300569784752	44.53385612665873	0.10320284697508897
SC_RS16890			Shielded	1188	0.7744107744107744	0.9595959595959596	0.04526720921726102	29.79142492507853	0.017721518987341773
SC_RS17040			Shielded	507	0.7514792899408284	0.9526627218934911	0.038333971514792564	29.244512565201404	0.005952380952380952
SC_RS17490			Shielded	870	0.7597701149425288	0.9689655172413794	0.05463676686268082	29.86411927015081	0.01384083044982699
SC_RS18120			Shielded	711	0.759493670886076	0.890295358649789	0.024033391728909503	33.84664113154895	0.0423728813559322
SC_RS18140			Shielded	492	0.7012195121951219	0.926829268292683	0.012500517913984432	29.638661317838434	0.018404907975460124
SC_RS18200			Shielded	1917	0.6906624934793949	0.8482003129890454	0.06612843738965313	37.40241003213866	0.06739811912225706
SC_RS18245			Shielded	669	0.70254110612855	0.9417040358744395	0.027375285495740975	31.41854190141254	0.02702702702702703
SC_RS18415			Shielded	780	0.6884615384615385	0.8423076923076923	0.07202105807100623	37.4252315460928	0.05791505791505792
SC_RS18455			Shielded	756	0.6865079365079365	0.8214285714285714	0.09290017895012714	41.96174825465224	0.08764940239043825
SC_RS18650			Shielded	1395	0.749820788530466	0.9247311827956989	0.01040243241700034	31.329194687233507	0.023706896551724137
SC_RS18945			Shielded	843	0.6571767497034401	0.8861209964412812	0.028207753937417368	35.92729907425777	0.039285714285714285
SC_RS19060			Shielded	1107	0.7398373983739838	0.9728997289972899	0.058570978618591396	29.203550166410672	0.024456521739130436
SC_RS19220			Shielded	642	0.705607476635514	0.9439252336448598	0.029596483266161266	30.34810450133753	0.03286384976525822
SC_RS19300			Shielded	888	0.7376126126126126	0.875	0.03932875037869854	37.277751906245484	0.04745762711864407
SC_RS20085			Shielded	696	0.7054597701149425	0.9137931034482759	0.0005356469304226286	30.86780252896503	0.030303030303030304
SC_RS20405			Shielded	747	0.7536813922356091	0.963855421686747	0.04952667130804844	29.504623169506758	0.020161290322580645
SC_RS21215			Shielded	657	0.7275494672754946	0.9452054794520548	0.030876729073356257	30.903782625744252	0.022935779816513763
SC_RS21460			Shielded	789	0.7287705956907478	0.9315589353612167	0.01723018498251816	31.435684841546543	0.026717557251908396
SC_RS21605			Shielded	711	0.7313642756680732	0.8481012658227848	0.06622748455591376	38.488925609616196	0.05084745762711865
SC_RS21740			Shielded	906	0.7229580573951435	0.8675496688741722	0.046779081504526365	36.255542730649296	0.046511627906976744
SC_RS22050			Shielded	756	0.7037037037037037	0.8650793650793651	0.049249385299333426	40.254686594927506	0.043824701195219126
SC_RS22280			Shielded	501	0.7045908183632734	0.9101796407185628	0.004149109660135708	37.432039934968195	0.024096385542168676
SC_RS22660			Shielded	681	0.7577092511013216	0.8810572687224669	0.033271481656231616	33.60441855989714	0.02654867256637168
SC_RS22755			Shielded	2064	0.7611434108527132	0.9215116279069767	0.007182877528278175	31.54779842994784	0.043668122270742356
SC_RS22760			Shielded	894	0.7639821029082774	0.87248322147651	0.04184552890218851	33.93056773483622	0.07744107744107744
SC_RS22985			Shielded	804	0.7101990049751243	0.9514925373134329	0.03716378693473432	31.295121920860083	0.026217228464419477
SC_RS23125			Shielded	912	0.7160087719298246	0.9210526315789473	0.006723881200248805	33.64662208355981	0.0297029702970297
SC_RS23175			Shielded	426	0.6901408450704225	0.9154929577464789	0.0011642073677803344	34.11900408546602	0.028368794326241134
SC_RS23215			Shielded	816	0.7598039215686274	0.9522058823529411	0.037877131974242584	29.153700212846797	0.01107011070110701
SC_RS23260			Shielded	759	0.7035573122529645	0.8893280632411067	0.025000687137591848	35.99764409475172	0.03571428571428571
SC_RS23495			Shielded	660	0.7363636363636363	0.9090909090909091	0.00523784128778948	34.75506782165099	0.0365296803652968
SC_RS24295			Shielded	2982	0.7515090543259557	0.9305835010060363	0.016254750627337722	30.49306142861757	0.02014098690835851
SC_RS24335			Shielded	897	0.7603121516164995	0.9565217391304348	0.04219298875173627	30.47812544592506	0.010067114093959731
SC_RS24415			Shielded	648	0.7407407407407407	0.9675925925925926	0.05326384221389402	30.203814229281946	0.013953488372093023
SC_RS24660			Shielded	723	0.7455048409405256	0.9336099585062241	0.01928120812752554	30.96025436115464	0.029166666666666667
SC_RS24870			Shielded	852	0.6713615023474179	0.8028169014084507	0.1115118489702478	41.59022032204274	0.06713780918727916
SC_RS24895			Shielded	3009	0.7560651379195746	0.9491525423728814	0.03482379199418284	30.112657974682687	0.0249500998003992
SC_RS25300			Shielded	810	0.6506172839506172	0.7592592592592593	0.15506949111943924	46.211157094343406	0.10780669144981413
SC_RS25565			Shielded	849	0.6607773851590106	0.8374558303886925	0.076872919990006	38.049332012939445	0.0851063829787234
SC_RS25945			Shielded	1260	0.7555555555555555	0.9571428571428572	0.042814106764158644	27.881849690430315	0.00954653937947494
SC_RS25990			Exposed	921	0.758957654723127	0.9413680781758957	0.0270393277971972	30.71741839201226	0.0196078431372549
SC_RS26410			Shielded	756	0.7063492063492064	0.9563492063492064	0.04202045597050785	29.8762450062122	0.0199203187250996
SC_RS26645			Shielded	954	0.7515723270440252	0.949685534591195	0.03535678421249644	30.0298444041407	0.025236593059936908
SC_RS26885			Shielded	876	0.7146118721461188	0.934931506849315	0.02060275647061649	31.912422699513108	0.020618556701030927
SC_RS27500			Shielded	600	0.76	0.92	0.0056712496213014996	33.221307155173456	0.020100502512562814
SC_RS27570			Shielded	780	0.708974358974359	0.926923076923077	0.01259432654437842	32.0991007663149	0.03474903474903475
SC_RS28300			Shielded	969	0.737874097007224	0.9566563467492261	0.04232759637052752	28.80493166516638	0.018633540372670808
SC_RS28935			Shielded	504	0.7242063492063492	0.8630952380952381	0.0512335122834604	35.71161477965704	0.0658682634730539
SC_RS29970			Shielded	717	0.7587168758716876	0.9456066945606695	0.03127794418197094	28.14250742972224	0.02100840336134454
SC_RS30400			Shielded	780	0.6897435897435897	0.8538461538461538	0.06048259653254473	35.5613469680928	0.03861003861003861
SC_RS30605			Shielded	1659	0.7787823990355636	0.972875226039783	0.05854647566108451	28.870012529223246	0.009057971014492754
SC_RS30970			Shielded	5490	0.6888888888888889	0.9606557377049181	0.04632698732621954	29.46715479549107	0.025150355385456534
SC_RS30975			Shielded	675	0.6888888888888889	0.92	0.0056712496213014996	31.775734609549954	0.03571428571428571
SC_RS31445			Shielded	696	0.742816091954023	0.9051724137931034	0.009156336585595115	36.006818132473114	0.03463203463203463
SC_RS31780			Shielded	597	0.6901172529313233	0.8190954773869347	0.09523327299176387	42.02681194258138	0.06565656565656566
SC_RS31810			Shielded	993	0.6898288016112789	0.8096676737160121	0.10466107666268643	43.079052558306174	0.07575757575757576
SC_RS32590			Shielded	1014	0.7366863905325444	0.9585798816568047	0.044251131278106204	29.61254443272651	0.026706231454005934
SC_RS32595			Shielded	648	0.7268518518518519	0.9444444444444444	0.03011569406574588	30.02619385587823	0.018604651162790697
SC_RS32840			Shielded	684	0.7894736842105263	0.9166666666666666	0.0023379162879680893	34.218205108011155	0.02643171806167401
SC_RS32850			Shielded	579	0.7340241796200345	0.927461139896373	0.013132389517674481	31.847756524639173	0.020833333333333332
SC_RS33045			Shielded	822	0.7712895377128953	0.916058394160584	0.0017296437818854482	30.82356371889136	0.040293040293040296
SC_RS33095			Shielded	1710	0.7690058479532164	0.9701754385964912	0.055846688217792706	29.514475132257566	0.014059753954305799
SC_RS33215			Shielded	2832	0.7856638418079096	0.9555084745762712	0.041179724197572654	29.027539385132158	0.019088016967126194
SC_RS33445			Shielded	969	0.608875128998968	0.628482972136223	0.2858457782424756	54.16569710702069	0.16770186335403728
SC_RS33520			Shielded	690	0.7289855072463768	0.9304347826086956	0.01610603222999707	33.226355653700594	0.034934497816593885
SC_RS33530			Shielded	738	0.7303523035230353	0.967479674796748	0.05315092441804947	28.379011607739034	0.0163265306122449
SC_RS33535			Shielded	1005	0.6955223880597015	0.9582089552238806	0.04388020484518207	30.2174843246248	0.020958083832335328
SC_RS33680			Shielded	675	0.7214814814814815	0.9066666666666666	0.00766208371203192	31.869160737986732	0.04017857142857143
SC_RS33790			Shielded	972	0.7232510288065843	0.9290123456790124	0.014683595300313823	29.97310511120314	0.02476780185758514
SC_RS33845			Shielded	657	0.6834094368340944	0.7945205479452054	0.1198082024334931	37.57084976371203	0.06880733944954129
SC_RS34795			Shielded	801	0.717852684144819	0.9363295880149812	0.02200083763628269	27.98684887098627	0.018796992481203006
SC_RS35195			Exposed	654	0.735474006116208	0.9541284403669725	0.03979968998827399	30.151682096263624	0.013824884792626729
SC_RS35345			Shielded	834	0.6390887290167866	0.7769784172661871	0.13735033311251144	45.08564596143739	0.10469314079422383
SC_RS35750			Shielded	1059	0.7592067988668555	0.9376770538243626	0.023348303445664076	30.931989500655106	0.028409090909090908
SC_RS35855			Shielded	756	0.7328042328042328	0.9365079365079365	0.02217918612923797	34.337408305186955	0.035856573705179286
SC_RS36075			Shielded	687	0.6870451237263464	0.8646288209606987	0.04969992941799983	36.98191199480706	0.03508771929824561
SC_RS36100			Shielded	672	0.7083333333333334	0.9330357142857143	0.01870696390701576	32.17926142165548	0.013452914798206279
SC_RS36230			Shielded	363	0.6253443526170799	0.71900826446281	0.19532048591588858	38.773072142155016	0.11666666666666667
SC_RS36250			Shielded	360	0.6388888888888888	0.7916666666666666	0.12266208371203191	39.008271398456166	0.08403361344537816
SC_RS36340			Shielded	354	0.6836158192090396	0.8728813559322034	0.041447394446495145	37.08202557044973	0.02564102564102564
SC_RS36370			Shielded	309	0.656957928802589	0.8737864077669902	0.040542342611708304	35.5030087058576	0.0784313725490196
SC_RS36955			Shielded	1404	0.6616809116809117	0.7585470085470085	0.15578174183169002	46.303079392877414	0.09635974304068523
SC_RS37110			Shielded	1023	0.6852394916911045	0.9736070381231672	0.05927828774446864	28.38746289691865	0.01764705882352941
SC_RS37305			Shielded	1011	0.722057368941642	0.9258160237388724	0.011487273360173855	29.835663936104154	0.017857142857142856
SC_RS37955			Shielded	351	0.7065527065527065	0.8888888888888888	0.0254398614898097	36.508644288454335	0.04310344827586207
SC_RS38085			Shielded	2727	0.718005133846718	0.8723872387238724	0.04194151165482618	35.69110549414955	0.04515418502202643
SC_RS38785			Exposed	900	0.7166666666666667	0.9066666666666666	0.00766208371203192	29.95363740000137	0.04013377926421405
SC_RS38850			Shielded	3996	0.7132132132132132	0.9662162162162162	0.05188746583751769	29.541711037442504	0.015026296018031555
SC_RS39260			Exposed	1059	0.7469310670443815	0.9603399433427762	0.04601119296407763	29.88950264285169	0.011363636363636364
SC_RS39370			Shielded	987	0.7558257345491388	0.9361702127659575	0.021841462387258925	29.393257904022885	0.018292682926829267
SC_RS39690			Shielded	651	0.7403993855606759	0.9493087557603687	0.03498000538167012	32.04842241419274	0.009259259259259259
SC_RS40010			Shielded	837	0.7526881720430108	0.9283154121863799	0.013986661807681378	31.87847283619868	0.03597122302158273
SC_RS40390			Shielded	423	0.7281323877068558	0.8936170212765957	0.020711729102102838	31.967562038433638	0.02142857142857143
SC_RS40655			Shielded	573	0.7015706806282722	0.8900523560209425	0.02427639435775608	33.02021106951365	0.03684210526315789
SC_RS40730			Shielded	429	0.745920745920746	0.9090909090909091	0.00523784128778948	29.828437189679562	0.04225352112676056
SC_RS40805			Shielded	1416	0.7401129943502824	0.8771186440677966	0.037210106310901936	33.509511891983145	0.05307855626326964
SC_RS40820			Shielded	468	0.6752136752136753	0.9102564102564102	0.004072340122288298	32.922113031437966	0.03870967741935484
SC_RS40895			Shielded	477	0.6561844863731656	0.7484276729559748	0.16590107742272375	46.12097666802328	0.10126582278481013
SC_RS40985			Shielded	441	0.673469387755102	0.8707482993197279	0.04358045105897068	38.21026194580718	0.0684931506849315
SC_RS40995			Shielded	828	0.642512077294686	0.7028985507246377	0.21143019965406085	44.74063596745999	0.09818181818181818
SC_RS41050			Shielded	768	0.7421875	0.875	0.03932875037869854	35.363390102708166	0.047058823529411764
SC_RS41060			Shielded	942	0.7261146496815286	0.856687898089172	0.057640852289526534	38.616397514083864	0.051118210862619806
SC_RS41130			Shielded	639	0.702660406885759	0.9061032863849765	0.008225463993722038	33.374316521136436	0.03773584905660377
SC_RS03330			Shielded	759	0.7246376811594203	0.8893280632411067	0.025000687137591848	34.68844248465668	0.03968253968253968
SC_RS13625			Shielded	654	0.7385321100917431	0.9587155963302753	0.044386845951576714	30.48239217174922	0.018433179723502304
SC_RS16095			Shielded	705	0.7191489361702128	0.9106382978723404	0.003690452506358133	31.854537679151825	0.021367521367521368
SC_RS17795			Exposed	780	0.7576923076923077	0.9423076923076923	0.02797894192899375	29.93457872728482	0.019305019305019305
SC_RS24570			Shielded	879	0.7610921501706485	0.9522184300341296	0.03788967965543111	30.72890391392746	0.017123287671232876
SC_RS26700			Shielded	732	0.6967213114754098	0.9344262295081968	0.02009747912949822	31.71830054857031	0.01646090534979424
SC_RS31020			Shielded	390	0.7153846153846154	0.823076923076923	0.0912518273017755	34.21379702067935	0.07751937984496124
SC_RS31630			Shielded	807	0.7286245353159851	0.9144981412639405	0.0001693908852419268	33.59812589006623	0.029850746268656716
SC_RS33720			Shielded	678	0.7109144542772862	0.915929203539823	0.0016004531611244488	30.967052093597047	0.022222222222222223
SC_RS40125			Shielded	366	0.7158469945355191	0.9344262295081968	0.02009747912949822	32.8507217620821	0.03305785123966942
SC_RS40675			Shielded	1098	0.7349726775956285	0.9043715846994536	0.009957165679244984	35.52434778903027	0.03561643835616438
SC_RS09100			Shielded	441	0.7074829931972789	0.9455782312925171	0.031249480913818517	31.722091777559307	0.02054794520547945
SC_RS03185			Shielded	564	0.7145390070921985	0.9202127659574468	0.005884015578748292	34.37628566346455	0.053475935828877004
SC_RS22135			Exposed	606	0.7079207920792079	0.9158415841584159	0.0015128337797173375	35.90464413289372	0.024875621890547265
SC_RS22220			Shielded	741	0.708502024291498	0.9595141700404858	0.04518541966178724	27.863539969846755	0.016260162601626018
SC_RS07125			Shielded	564	0.7269503546099291	0.9361702127659575	0.021841462387258925	32.28225168844394	0.026737967914438502
SC_RS24560			Shielded	600	0.7283333333333334	0.935	0.020671249621301513	33.098974523491194	0.010050251256281407
SC_RS23155			Shielded	624	0.7211538461538461	0.9278846153846154	0.013555865005916878	31.88894167815039	0.024154589371980676
SC_RS13080			Shielded	477	0.750524109014675	0.9245283018867925	0.01019955150809393	30.8810990913856	0.012658227848101266
SC_RS20465			Shielded	1038	0.7408477842003853	0.9450867052023122	0.030757954823613654	31.240219337004593	0.011594202898550725
SC_RS05550			Shielded	918	0.7331154684095861	0.9477124183006536	0.03338366792195502	30.634202528947274	0.019672131147540985
SC_RS18150			Shielded	654	0.7400611620795107	0.9220183486238532	0.007689598245154694	33.34918383025779	0.041474654377880185
SC_RS18960			Shielded	600	0.6766666666666666	0.94	0.025671249621301406	32.20245284261879	0.01507537688442211
SC_RS39915			Shielded	1266	0.7401263823064771	0.9123222748815166	0.0020064754971819143	31.858565197620795	0.030878859857482184
SC_RS26970			Shielded	507	0.7140039447731755	0.9053254437869822	0.009003306591716331	33.26333318722979	0.03571428571428571
SC_RS03465			Shielded	645	0.703875968992248	0.8930232558139535	0.021305494564745064	32.61716403480385	0.037383177570093455
SC_RS11550			Shielded	573	0.7713787085514834	0.93717277486911	0.022844024490411452	33.578462141925584	0.031578947368421054
SC_RS26480			Shielded	618	0.7572815533980582	0.9029126213592233	0.011416129019475196	31.060034419111084	0.03902439024390244
SC_RS26760			Shielded	990	0.7232323232323232	0.8575757575757575	0.056752992802940994	36.61412935899041	0.057750759878419454
SC_RS37360			Shielded	1050	0.7247619047619047	0.9142857142857143	4.3036092984283236e-05	32.54272958621577	0.03151862464183381
SC_RS19375			Shielded	558	0.6935483870967742	0.8279569892473119	0.08637176113138667	36.20298924555065	0.0972972972972973
SC_RS38950			Shielded	657	0.7382039573820396	0.958904109589041	0.0445753592103425	30.667539519697993	0.009174311926605505
SC_RS10470			Shielded	594	0.7053872053872053	0.9646464646464646	0.0503177142677661	30.88301433535754	0.015228426395939087
SC_RS23925			Shielded	633	0.660347551342812	0.7962085308056872	0.11812021957301133	44.796904563711095	0.09047619047619047
SC_RS15360			Shielded	1218	0.7717569786535303	0.9556650246305419	0.041336274251843386	28.335141510938804	0.024691358024691357
SC_RS02325			Shielded	1056	0.7073863636363636	0.8551136363636364	0.05921511401506219	32.0060233657899	0.05413105413105413
SC_RS02820			Shielded	909	0.7095709570957096	0.8184818481848185	0.09584690219388003	38.36496523661372	0.09271523178807947
SC_RS04675			Shielded	690	0.7043478260869566	0.8956521739130435	0.018676576465655015	33.42257000884882	0.039301310043668124
SC_RS07300			Shielded	393	0.7201017811704835	0.9007633587786259	0.01356539160007264	36.191780498871694	0.05384615384615385
SC_RS19360			Shielded	630	0.6698412698412698	0.7619047619047619	0.15242398847393668	42.75163844953761	0.08133971291866028
SC_RS19650			Shielded	1038	0.7003853564547207	0.8872832369942196	0.027045513384478914	34.645262766613456	0.03768115942028986
SC_RS24490			Shielded	513	0.695906432748538	0.8362573099415205	0.07807144043717806	35.42619350095481	0.041176470588235294
SC_RS26290			Shielded	1401	0.7637401855817273	0.9379014989293362	0.023572748550637623	31.332490711408354	0.032188841201716736
SC_RS28395			Shielded	1065	0.7220657276995305	0.9323943661971831	0.018065615818484537	30.833606294102005	0.02824858757062147
SC_RS32895			Shielded	819	0.6776556776556777	0.8754578754578755	0.038870874920823084	38.280514287437526	0.05514705882352941
SC_RS36305			Shielded	402	0.6691542288557214	0.8134328358208955	0.100895914557803	53.41811610937769	0.045112781954887216
SC_RS37190			Shielded	1827	0.7777777777777778	0.9293924466338259	0.015063696255127379	31.229553385608366	0.03125
SC_RS38730			Shielded	624	0.7371794871794872	0.9519230769230769	0.03759432654437833	30.598303530219397	0.01932367149758454
SC_RS41225			Shielded	654	0.6972477064220184	0.8807339449541285	0.03359480542457005	35.4276348877945	0.055299539170506916
SC_RS37910			Exposed	2742	0.75127644055434	0.9037199124726477	0.010608837906050828	33.09060377126224	0.03504928806133625
SC_RS37205			Shielded	639	0.7104851330203443	0.8967136150234741	0.01761513535522441	34.30899854735214	0.05188679245283019
SC_RS18490			Shielded	435	0.7218390804597701	0.9448275862068966	0.030498835828198012	26.999910052046644	0.013888888888888888
SC_RS19550			Shielded	987	0.7031408308004052	0.8632218844984803	0.05110686588021829	37.709895089548326	0.057926829268292686
SC_RS08620			Shielded	2319	0.6821905993962915	0.8564036222509702	0.05792512812772832	36.54147710189008	0.05958549222797927
SC_RS15515			Shielded	897	0.725752508361204	0.9297658862876255	0.015437135908926924	32.262245315260344	0.026845637583892617
SC_RS33650			Shielded	1620	0.745679012345679	0.9055555555555556	0.008773194823142982	33.3930309823511	0.04267161410018553
SC_RS15755			Shielded	1038	0.7418111753371869	0.8988439306358381	0.015484819742860423	32.907330159931604	0.02608695652173913
SC_RS30255			Shielded	234	0.7008547008547008	0.8974358974358975	0.016892852942801073	35.39846691769769	0.05194805194805195
SC_RS38175			Shielded	603	0.736318407960199	0.8855721393034826	0.028756611075215988	34.93587722178487	0.03
SC_RS25135			Shielded	660	0.703030303030303	0.9136363636363637	0.0006923867423348495	34.256527601784825	0.0593607305936073
SC_RS06290			Shielded	1203	0.714879467996675	0.8703241895261845	0.04400456085251403	35.356567882426816	0.0575
SC_RS34435			Shielded	933	0.7481243301178992	0.9453376205787781	0.031008870200079586	29.621819457845017	0.02903225806451613
