SCO_ID	regulator_flag	source
SCO0037	1	CastroMelchor_2010
SCO0038	1	CastroMelchor_2010
SCO0047	1	CastroMelchor_2010
SCO0062	1	CastroMelchor_2010
SCO0063	1	CastroMelchor_2010
SCO0064	1	CastroMelchor_2010
SCO0089	1	CastroMelchor_2010
SCO0110	1	CastroMelchor_2010
SCO0116	1	CastroMelchor_2010
SCO0132	1	CastroMelchor_2010
SCO0147	1	CastroMelchor_2010
SCO0148	1	CastroMelchor_2010
SCO0155	1	CastroMelchor_2010
SCO0157	1	CastroMelchor_2010
SCO0158	1	CastroMelchor_2010
SCO0159	1	CastroMelchor_2010
SCO0160	1	CastroMelchor_2010
SCO0161	1	CastroMelchor_2010
SCO0166	1	CastroMelchor_2010
SCO0168	1	CastroMelchor_2010
SCO0169	1	CastroMelchor_2010
SCO0173	1	CastroMelchor_2010
SCO0174	1	CastroMelchor_2010
SCO0193	1	CastroMelchor_2010
SCO0194	1	CastroMelchor_2010
SCO0203	1	CastroMelchor_2010
SCO0204	1	CastroMelchor_2010
SCO0229	1	CastroMelchor_2010
SCO0230	1	CastroMelchor_2010
SCO0233	1	CastroMelchor_2010
SCO0236	1	CastroMelchor_2010
SCO0241	1	CastroMelchor_2010
SCO0250	1	CastroMelchor_2010
SCO0253	1	CastroMelchor_2010
SCO0255	1	CastroMelchor_2010
SCO0262	1	CastroMelchor_2010
SCO0266	1	CastroMelchor_2010
SCO0275	1	CastroMelchor_2010
SCO0276	1	CastroMelchor_2010
SCO0282	1	CastroMelchor_2010
SCO0288	1	CastroMelchor_2010
SCO0289	1	CastroMelchor_2010
SCO0298	1	CastroMelchor_2010
SCO0307	1	CastroMelchor_2010
SCO0332	1	CastroMelchor_2010
SCO0337	1	CastroMelchor_2010
SCO0345	1	CastroMelchor_2010
SCO0357	1	CastroMelchor_2010
SCO0360	1	CastroMelchor_2010
SCO0370	1	CastroMelchor_2010
SCO0406	1	CastroMelchor_2010
SCO0407	1	CastroMelchor_2010
SCO0408	1	CastroMelchor_2010
SCO0414	1	CastroMelchor_2010
SCO0418	1	CastroMelchor_2010
SCO0421	1	CastroMelchor_2010
SCO0422	1	CastroMelchor_2010
SCO0430	1	CastroMelchor_2010
SCO0433	1	CastroMelchor_2010
SCO0453	1	CastroMelchor_2010
SCO0454	1	CastroMelchor_2010
SCO0455	1	CastroMelchor_2010
SCO0456	1	CastroMelchor_2010
SCO0466	1	CastroMelchor_2010
SCO0467	1	CastroMelchor_2010
SCO0469	1	CastroMelchor_2010
SCO0470	1	CastroMelchor_2010
SCO0471	1	CastroMelchor_2010
SCO0485	1	CastroMelchor_2010
SCO0487	1	CastroMelchor_2010
SCO0488	1	CastroMelchor_2010
SCO0512	1	CastroMelchor_2010
SCO0520	1	CastroMelchor_2010
SCO0521	1	CastroMelchor_2010
SCO0523	1	CastroMelchor_2010
SCO0542	1	CastroMelchor_2010
SCO0560	1	CastroMelchor_2010
SCO0561	1	CastroMelchor_2010
SCO0582	1	CastroMelchor_2010
SCO0584	1	CastroMelchor_2010
SCO0585	1	CastroMelchor_2010
SCO0586	1	CastroMelchor_2010
SCO0587	1	CastroMelchor_2010
SCO0588	1	CastroMelchor_2010
SCO0589	1	CastroMelchor_2010
SCO0596	1	CastroMelchor_2010
SCO0598	1	CastroMelchor_2010
SCO0599	1	CastroMelchor_2010
SCO0600	1	CastroMelchor_2010
SCO0605	1	CastroMelchor_2010
SCO0607	1	CastroMelchor_2010
SCO0608	1	CastroMelchor_2010
SCO0622	1	CastroMelchor_2010
SCO0623	1	CastroMelchor_2010
SCO0629	1	CastroMelchor_2010
SCO0632	1	CastroMelchor_2010
SCO0633	1	CastroMelchor_2010
SCO0659	1	CastroMelchor_2010
SCO0669	1	CastroMelchor_2010
SCO0670	1	CastroMelchor_2010
SCO0672	1	CastroMelchor_2010
SCO0697	1	CastroMelchor_2010
SCO0701	1	CastroMelchor_2010
SCO0702	1	CastroMelchor_2010
SCO0703	1	CastroMelchor_2010
SCO0704	1	CastroMelchor_2010
SCO0712	1	CastroMelchor_2010
SCO0724	1	CastroMelchor_2010
SCO0734	1	CastroMelchor_2010
SCO0745	1	CastroMelchor_2010
SCO0746	1	CastroMelchor_2010
SCO0751	1	CastroMelchor_2010
SCO0772	1	CastroMelchor_2010
SCO0781	1	CastroMelchor_2010
SCO0800	1	CastroMelchor_2010
SCO0803	1	CastroMelchor_2010
SCO0806	1	CastroMelchor_2010
SCO0821	1	CastroMelchor_2010
SCO0822	1	CastroMelchor_2010
SCO0823	1	CastroMelchor_2010
SCO0824	1	CastroMelchor_2010
SCO0825	1	CastroMelchor_2010
SCO0826	1	CastroMelchor_2010
SCO0843	1	CastroMelchor_2010
SCO0844	1	CastroMelchor_2010
SCO0845	1	CastroMelchor_2010
SCO0857	1	CastroMelchor_2010
SCO0864	1	CastroMelchor_2010
SCO0865	1	CastroMelchor_2010
SCO0866	1	CastroMelchor_2010
SCO0868	1	CastroMelchor_2010
SCO0869	1	CastroMelchor_2010
SCO0870	1	CastroMelchor_2010
SCO0871	1	CastroMelchor_2010
SCO0872	1	CastroMelchor_2010
SCO0877	1	CastroMelchor_2010
SCO0886	1	CastroMelchor_2010
SCO0887	1	CastroMelchor_2010
SCO0889	1	CastroMelchor_2010
SCO0891	1	CastroMelchor_2010
SCO0895	1	CastroMelchor_2010
SCO0898	1	CastroMelchor_2010
SCO0925	1	CastroMelchor_2010
SCO0927	1	CastroMelchor_2010
SCO0946	1	CastroMelchor_2010
SCO0953	1	CastroMelchor_2010
SCO0971	1	CastroMelchor_2010
SCO1026	1	CastroMelchor_2010
SCO1034	1	CastroMelchor_2010
SCO1035	1	CastroMelchor_2010
SCO1036	1	CastroMelchor_2010
SCO1066	1	CastroMelchor_2010
SCO1069	1	CastroMelchor_2010
SCO1070	1	CastroMelchor_2010
SCO1071	1	CastroMelchor_2010
SCO1078	1	CastroMelchor_2010
SCO1094	1	CastroMelchor_2010
SCO1098	1	CastroMelchor_2010
SCO1099	1	CastroMelchor_2010
SCO1104	1	CastroMelchor_2010
SCO1108	1	CastroMelchor_2010
SCO1119	1	CastroMelchor_2010
SCO1120	1	CastroMelchor_2010
SCO1135	1	CastroMelchor_2010
SCO1145	1	CastroMelchor_2010
SCO1171	1	CastroMelchor_2010
SCO1173	1	CastroMelchor_2010
SCO1177	1	CastroMelchor_2010
SCO1186	1	CastroMelchor_2010
SCO1191	1	CastroMelchor_2010
SCO1200	1	CastroMelchor_2010
SCO1210	1	CastroMelchor_2010
SCO1217	1	CastroMelchor_2010
SCO1218	1	CastroMelchor_2010
SCO1219	1	CastroMelchor_2010
SCO1220	1	CastroMelchor_2010
SCO1227	1	CastroMelchor_2010
SCO1242	1	CastroMelchor_2010
SCO1259	1	CastroMelchor_2010
SCO1260	1	CastroMelchor_2010
SCO1261	1	CastroMelchor_2010
SCO1262	1	CastroMelchor_2010
SCO1263	1	CastroMelchor_2010
SCO1276	1	CastroMelchor_2010
SCO1299	1	CastroMelchor_2010
SCO1312	1	CastroMelchor_2010
SCO1331	1	CastroMelchor_2010
SCO1351	1	CastroMelchor_2010
SCO1353	1	CastroMelchor_2010
SCO1358	1	CastroMelchor_2010
SCO1360	1	CastroMelchor_2010
SCO1369	1	CastroMelchor_2010
SCO1370	1	CastroMelchor_2010
SCO1376	1	CastroMelchor_2010
SCO1410	1	CastroMelchor_2010
SCO1425	1	CastroMelchor_2010
SCO1430	1	CastroMelchor_2010
SCO1458	1	CastroMelchor_2010
SCO1459	1	CastroMelchor_2010
SCO1463	1	CastroMelchor_2010
SCO1468	1	CastroMelchor_2010
SCO1489	1	CastroMelchor_2010
SCO1504	1	CastroMelchor_2010
SCO1564	1	CastroMelchor_2010
SCO1565	1	CastroMelchor_2010
SCO1567	1	CastroMelchor_2010
SCO1568	1	CastroMelchor_2010
SCO1576	1	CastroMelchor_2010
SCO1577	1	CastroMelchor_2010
SCO1578	1	CastroMelchor_2010
SCO1579	1	CastroMelchor_2010
SCO1580	1	CastroMelchor_2010
SCO1587	1	CastroMelchor_2010
SCO1593	1	CastroMelchor_2010
SCO1596	1	CastroMelchor_2010
SCO1618	1	CastroMelchor_2010
SCO1619	1	CastroMelchor_2010
SCO1642	1	CastroMelchor_2010
SCO1658	1	CastroMelchor_2010
SCO1678	1	CastroMelchor_2010
SCO1691	1	CastroMelchor_2010
SCO1692	1	CastroMelchor_2010
SCO1699	1	CastroMelchor_2010
SCO1700	1	CastroMelchor_2010
SCO1702	1	CastroMelchor_2010
SCO1703	1	CastroMelchor_2010
SCO1712	1	CastroMelchor_2010
SCO1713	1	CastroMelchor_2010
SCO1714	1	CastroMelchor_2010
SCO1716	1	CastroMelchor_2010
SCO1717	1	CastroMelchor_2010
SCO1718	1	CastroMelchor_2010
SCO1736	1	CastroMelchor_2010
SCO1742	1	CastroMelchor_2010
SCO1743	1	CastroMelchor_2010
SCO1744	1	CastroMelchor_2010
SCO1745	1	CastroMelchor_2010
SCO1801	1	CastroMelchor_2010
SCO1802	1	CastroMelchor_2010
SCO1813	1	CastroMelchor_2010
SCO1839	1	CastroMelchor_2010
SCO1872	1	CastroMelchor_2010
SCO1873	1	CastroMelchor_2010
SCO1876	1	CastroMelchor_2010
SCO1877	1	CastroMelchor_2010
SCO1888	1	CastroMelchor_2010
SCO1889	1	CastroMelchor_2010
SCO1890	1	CastroMelchor_2010
SCO1897	1	CastroMelchor_2010
SCO1904	1	CastroMelchor_2010
SCO1905	1	CastroMelchor_2010
SCO1919	1	CastroMelchor_2010
SCO1920	1	CastroMelchor_2010
SCO1921	1	CastroMelchor_2010
SCO1922	1	CastroMelchor_2010
SCO1923	1	CastroMelchor_2010
SCO1924	1	CastroMelchor_2010
SCO1925	1	CastroMelchor_2010
SCO1926	1	CastroMelchor_2010
SCO2013	1	CastroMelchor_2010
SCO2047	1	CastroMelchor_2010
SCO2056	1	CastroMelchor_2010
SCO2057	1	CastroMelchor_2010
SCO2058	1	CastroMelchor_2010
SCO2074	1	CastroMelchor_2010
SCO2075	1	CastroMelchor_2010
SCO2094	1	CastroMelchor_2010
SCO2095	1	CastroMelchor_2010
SCO2096	1	CastroMelchor_2010
SCO2100	1	CastroMelchor_2010
SCO2105	1	CastroMelchor_2010
SCO2120	1	CastroMelchor_2010
SCO2121	1	CastroMelchor_2010
SCO2122	1	CastroMelchor_2010
SCO2126	1	CastroMelchor_2010
SCO2139	1	CastroMelchor_2010
SCO2140	1	CastroMelchor_2010
SCO2142	1	CastroMelchor_2010
SCO2143	1	CastroMelchor_2010
SCO2152	1	CastroMelchor_2010
SCO2158	1	CastroMelchor_2010
SCO2165	1	CastroMelchor_2010
SCO2166	1	CastroMelchor_2010
SCO2182	1	CastroMelchor_2010
SCO2184	1	CastroMelchor_2010
SCO2185	1	CastroMelchor_2010
SCO2186	1	CastroMelchor_2010
SCO2192	1	CastroMelchor_2010
SCO2209	1	CastroMelchor_2010
SCO2213	1	CastroMelchor_2010
SCO2214	1	CastroMelchor_2010
SCO2215	1	CastroMelchor_2010
SCO2216	1	CastroMelchor_2010
SCO2223	1	CastroMelchor_2010
SCO2224	1	CastroMelchor_2010
SCO2232	1	CastroMelchor_2010
SCO2244	1	CastroMelchor_2010
SCO2245	1	CastroMelchor_2010
SCO2259	1	CastroMelchor_2010
SCO2293	1	CastroMelchor_2010
SCO2294	1	CastroMelchor_2010
SCO2308	1	CastroMelchor_2010
SCO2319	1	CastroMelchor_2010
SCO2358	1	CastroMelchor_2010
SCO2359	1	CastroMelchor_2010
SCO2377	1	CastroMelchor_2010
SCO2378	1	CastroMelchor_2010
SCO2398	1	CastroMelchor_2010
SCO2426	1	CastroMelchor_2010
SCO2442	1	CastroMelchor_2010
SCO2449	1	CastroMelchor_2010
SCO2450	1	CastroMelchor_2010
SCO2452	1	CastroMelchor_2010
SCO2453	1	CastroMelchor_2010
SCO2465	1	CastroMelchor_2010
SCO2475	1	CastroMelchor_2010
SCO2486	1	CastroMelchor_2010
SCO2487	1	CastroMelchor_2010
SCO2488	1	CastroMelchor_2010
SCO2489	1	CastroMelchor_2010
SCO2501	1	CastroMelchor_2010
SCO2508	1	CastroMelchor_2010
SCO2517	1	CastroMelchor_2010
SCO2518	1	CastroMelchor_2010
SCO2519	1	CastroMelchor_2010
SCO2520	1	CastroMelchor_2010
SCO2521	1	CastroMelchor_2010
SCO2522	1	CastroMelchor_2010
SCO2523	1	CastroMelchor_2010
SCO2524	1	CastroMelchor_2010
SCO2525	1	CastroMelchor_2010
SCO2537	1	CastroMelchor_2010
SCO2538	1	CastroMelchor_2010
SCO2552	1	CastroMelchor_2010
SCO2553	1	CastroMelchor_2010
SCO2554	1	CastroMelchor_2010
SCO2555	1	CastroMelchor_2010
SCO2564	1	CastroMelchor_2010
SCO2565	1	CastroMelchor_2010
SCO2567	1	CastroMelchor_2010
SCO2568	1	CastroMelchor_2010
SCO2638	1	CastroMelchor_2010
SCO2639	1	CastroMelchor_2010
SCO2644	1	CastroMelchor_2010
SCO2729	1	CastroMelchor_2010
SCO2730	1	CastroMelchor_2010
SCO2734	1	CastroMelchor_2010
SCO2742	1	CastroMelchor_2010
SCO2745	1	CastroMelchor_2010
SCO2746	1	CastroMelchor_2010
SCO2747	1	CastroMelchor_2010
SCO2757	1	CastroMelchor_2010
SCO2792	1	CastroMelchor_2010
SCO2794	1	CastroMelchor_2010
SCO2800	1	CastroMelchor_2010
SCO2801	1	CastroMelchor_2010
SCO2815	1	CastroMelchor_2010
SCO2832	1	CastroMelchor_2010
SCO2844	1	CastroMelchor_2010
SCO2845	1	CastroMelchor_2010
SCO2846	1	CastroMelchor_2010
SCO2865	1	CastroMelchor_2010
SCO2924	1	CastroMelchor_2010
SCO2928	1	CastroMelchor_2010
SCO2935	1	CastroMelchor_2010
SCO2950	1	CastroMelchor_2010
SCO2953	1	CastroMelchor_2010
SCO2954	1	CastroMelchor_2010
SCO2958	1	CastroMelchor_2010
SCO2964	1	CastroMelchor_2010
SCO2973	1	CastroMelchor_2010
SCO2974	1	CastroMelchor_2010
SCO2987	1	CastroMelchor_2010
SCO3008	1	CastroMelchor_2010
SCO3011	1	CastroMelchor_2010
SCO3012	1	CastroMelchor_2010
SCO3013	1	CastroMelchor_2010
SCO3014	1	CastroMelchor_2010
SCO3017	1	CastroMelchor_2010
SCO3018	1	CastroMelchor_2010
SCO3019	1	CastroMelchor_2010
SCO3032	1	CastroMelchor_2010
SCO3033	1	CastroMelchor_2010
SCO3034	1	CastroMelchor_2010
SCO3063	1	CastroMelchor_2010
SCO3066	1	CastroMelchor_2010
SCO3067	1	CastroMelchor_2010
SCO3068	1	CastroMelchor_2010
SCO3075	1	CastroMelchor_2010
SCO3102	1	CastroMelchor_2010
SCO3103	1	CastroMelchor_2010
SCO3119	1	CastroMelchor_2010
SCO3128	1	CastroMelchor_2010
SCO3129	1	CastroMelchor_2010
SCO3133	1	CastroMelchor_2010
SCO3134	1	CastroMelchor_2010
SCO3144	1	CastroMelchor_2010
SCO3167	1	CastroMelchor_2010
SCO3173	1	CastroMelchor_2010
SCO3196	1	CastroMelchor_2010
SCO3197	1	CastroMelchor_2010
SCO3198	1	CastroMelchor_2010
SCO3200	1	CastroMelchor_2010
SCO3201	1	CastroMelchor_2010
SCO3202	1	CastroMelchor_2010
SCO3205	1	CastroMelchor_2010
SCO3209	1	CastroMelchor_2010
SCO3217	1	CastroMelchor_2010
SCO3225	1	CastroMelchor_2010
SCO3226	1	CastroMelchor_2010
SCO3263	1	CastroMelchor_2010
SCO3264	1	CastroMelchor_2010
SCO3265	1	CastroMelchor_2010
SCO3266	1	CastroMelchor_2010
SCO3269	1	CastroMelchor_2010
SCO3272	1	CastroMelchor_2010
SCO3275	1	CastroMelchor_2010
SCO3291	1	CastroMelchor_2010
SCO3308	1	CastroMelchor_2010
SCO3315	1	CastroMelchor_2010
SCO3323	1	CastroMelchor_2010
SCO3324	1	CastroMelchor_2010
SCO3335	1	CastroMelchor_2010
SCO3344	1	CastroMelchor_2010
SCO3346	1	CastroMelchor_2010
SCO3347	1	CastroMelchor_2010
SCO3348	1	CastroMelchor_2010
SCO3351	1	CastroMelchor_2010
SCO3352	1	CastroMelchor_2010
SCO3356	1	CastroMelchor_2010
SCO3357	1	CastroMelchor_2010
SCO3358	1	CastroMelchor_2010
SCO3359	1	CastroMelchor_2010
SCO3367	1	CastroMelchor_2010
SCO3390	1	CastroMelchor_2010
SCO3413	1	CastroMelchor_2010
SCO3414	1	CastroMelchor_2010
SCO3423	1	CastroMelchor_2010
SCO3424	1	CastroMelchor_2010
SCO3447	1	CastroMelchor_2010
SCO3448	1	CastroMelchor_2010
SCO3449	1	CastroMelchor_2010
SCO3450	1	CastroMelchor_2010
SCO3485	1	CastroMelchor_2010
SCO3506	1	CastroMelchor_2010
SCO3537	1	CastroMelchor_2010
SCO3538	1	CastroMelchor_2010
SCO3548	1	CastroMelchor_2010
SCO3549	1	CastroMelchor_2010
SCO3554	1	CastroMelchor_2010
SCO3555	1	CastroMelchor_2010
SCO3556	1	CastroMelchor_2010
SCO3557	1	CastroMelchor_2010
SCO3571	1	CastroMelchor_2010
SCO3579	1	CastroMelchor_2010
SCO3583	1	CastroMelchor_2010
SCO3586	1	CastroMelchor_2010
SCO3587	1	CastroMelchor_2010
SCO3589	1	CastroMelchor_2010
SCO3590	1	CastroMelchor_2010
SCO3606	1	CastroMelchor_2010
SCO3612	1	CastroMelchor_2010
SCO3613	1	CastroMelchor_2010
SCO3621	1	CastroMelchor_2010
SCO3623	1	CastroMelchor_2010
SCO3626	1	CastroMelchor_2010
SCO3664	1	CastroMelchor_2010
SCO3665	1	CastroMelchor_2010
SCO3666	1	CastroMelchor_2010
SCO3667	1	CastroMelchor_2010
SCO3668	1	CastroMelchor_2010
SCO3669	1	CastroMelchor_2010
SCO3670	1	CastroMelchor_2010
SCO3671	1	CastroMelchor_2010
SCO3690	1	CastroMelchor_2010
SCO3691	1	CastroMelchor_2010
SCO3692	1	CastroMelchor_2010
SCO3694	1	CastroMelchor_2010
SCO3695	1	CastroMelchor_2010
SCO3696	1	CastroMelchor_2010
SCO3702	1	CastroMelchor_2010
SCO3708	1	CastroMelchor_2010
SCO3709	1	CastroMelchor_2010
SCO3714	1	CastroMelchor_2010
SCO3715	1	CastroMelchor_2010
SCO3722	1	CastroMelchor_2010
SCO3736	1	CastroMelchor_2010
SCO3740	1	CastroMelchor_2010
SCO3741	1	CastroMelchor_2010
SCO3756	1	CastroMelchor_2010
SCO3757	1	CastroMelchor_2010
SCO3758	1	CastroMelchor_2010
SCO3769	1	CastroMelchor_2010
SCO3773	1	CastroMelchor_2010
SCO3782	1	CastroMelchor_2010
SCO3804	1	CastroMelchor_2010
SCO3805	1	CastroMelchor_2010
SCO3809	1	CastroMelchor_2010
SCO3810	1	CastroMelchor_2010
SCO3814	1	CastroMelchor_2010
SCO3818	1	CastroMelchor_2010
SCO3820	1	CastroMelchor_2010
SCO3821	1	CastroMelchor_2010
SCO3832	1	CastroMelchor_2010
SCO3833	1	CastroMelchor_2010
SCO3834	1	CastroMelchor_2010
SCO3848	1	CastroMelchor_2010
SCO3857	1	CastroMelchor_2010
SCO3859	1	CastroMelchor_2010
SCO3914	1	CastroMelchor_2010
SCO3919	1	CastroMelchor_2010
SCO3926	1	CastroMelchor_2010
SCO3933	1	CastroMelchor_2010
SCO3934	1	CastroMelchor_2010
SCO3935	1	CastroMelchor_2010
SCO3941	1	CastroMelchor_2010
SCO3943	1	CastroMelchor_2010
SCO3948	1	CastroMelchor_2010
SCO3975	1	CastroMelchor_2010
SCO3979	1	CastroMelchor_2010
SCO3982	1	CastroMelchor_2010
SCO3983	1	CastroMelchor_2010
SCO3984	1	CastroMelchor_2010
SCO3985	1	CastroMelchor_2010
SCO3986	1	CastroMelchor_2010
SCO3987	1	CastroMelchor_2010
SCO3988	1	CastroMelchor_2010
SCO4005	1	CastroMelchor_2010
SCO4008	1	CastroMelchor_2010
SCO4009	1	CastroMelchor_2010
SCO4019	1	CastroMelchor_2010
SCO4020	1	CastroMelchor_2010
SCO4021	1	CastroMelchor_2010
SCO4022	1	CastroMelchor_2010
SCO4023	1	CastroMelchor_2010
SCO4026	1	CastroMelchor_2010
SCO4027	1	CastroMelchor_2010
SCO4031	1	CastroMelchor_2010
SCO4032	1	CastroMelchor_2010
SCO4034	1	CastroMelchor_2010
SCO4035	1	CastroMelchor_2010
SCO4072	1	CastroMelchor_2010
SCO4073	1	CastroMelchor_2010
SCO4091	1	CastroMelchor_2010
SCO4099	1	CastroMelchor_2010
SCO4102	1	CastroMelchor_2010
SCO4115	1	CastroMelchor_2010
SCO4116	1	CastroMelchor_2010
SCO4118	1	CastroMelchor_2010
SCO4122	1	CastroMelchor_2010
SCO4123	1	CastroMelchor_2010
SCO4124	1	CastroMelchor_2010
SCO4146	1	CastroMelchor_2010
SCO4147	1	CastroMelchor_2010
SCO4155	1	CastroMelchor_2010
SCO4156	1	CastroMelchor_2010
SCO4159	1	CastroMelchor_2010
SCO4167	1	CastroMelchor_2010
SCO4176	1	CastroMelchor_2010
SCO4177	1	CastroMelchor_2010
SCO4178	1	CastroMelchor_2010
SCO4179	1	CastroMelchor_2010
SCO4180	1	CastroMelchor_2010
SCO4181	1	CastroMelchor_2010
SCO4188	1	CastroMelchor_2010
SCO4190	1	CastroMelchor_2010
SCO4191	1	CastroMelchor_2010
SCO4193	1	CastroMelchor_2010
SCO4194	1	CastroMelchor_2010
SCO4198	1	CastroMelchor_2010
SCO4199	1	CastroMelchor_2010
SCO4206	1	CastroMelchor_2010
SCO4223	1	CastroMelchor_2010
SCO4226	1	CastroMelchor_2010
SCO4227	1	CastroMelchor_2010
SCO4228	1	CastroMelchor_2010
SCO4229	1	CastroMelchor_2010
SCO4230	1	CastroMelchor_2010
SCO4259	1	CastroMelchor_2010
SCO4260	1	CastroMelchor_2010
SCO4261	1	CastroMelchor_2010
SCO4262	1	CastroMelchor_2010
SCO4263	1	CastroMelchor_2010
SCO4270	1	CastroMelchor_2010
SCO4275	1	CastroMelchor_2010
SCO4276	1	CastroMelchor_2010
SCO4284	1	CastroMelchor_2010
SCO4285	1	CastroMelchor_2010
SCO4300	1	CastroMelchor_2010
SCO4301	1	CastroMelchor_2010
SCO4303	1	CastroMelchor_2010
SCO4313	1	CastroMelchor_2010
SCO4314	1	CastroMelchor_2010
SCO4336	1	CastroMelchor_2010
SCO4337	1	CastroMelchor_2010
SCO4338	1	CastroMelchor_2010
SCO4358	1	CastroMelchor_2010
SCO4375	1	CastroMelchor_2010
SCO4376	1	CastroMelchor_2010
SCO4377	1	CastroMelchor_2010
SCO4385	1	CastroMelchor_2010
SCO4386	1	CastroMelchor_2010
SCO4408	1	CastroMelchor_2010
SCO4409	1	CastroMelchor_2010
SCO4410	1	CastroMelchor_2010
SCO4412	1	CastroMelchor_2010
SCO4413	1	CastroMelchor_2010
SCO4421	1	CastroMelchor_2010
SCO4423	1	CastroMelchor_2010
SCO4425	1	CastroMelchor_2010
SCO4426	1	CastroMelchor_2010
SCO4434	1	CastroMelchor_2010
SCO4441	1	CastroMelchor_2010
SCO4443	1	CastroMelchor_2010
SCO4445	1	CastroMelchor_2010
SCO4477	1	CastroMelchor_2010
SCO4481	1	CastroMelchor_2010
SCO4482	1	CastroMelchor_2010
SCO4485	1	CastroMelchor_2010
SCO4487	1	CastroMelchor_2010
SCO4488	1	CastroMelchor_2010
SCO4490	1	CastroMelchor_2010
SCO4491	1	CastroMelchor_2010
SCO4492	1	CastroMelchor_2010
SCO4493	1	CastroMelchor_2010
SCO4494	1	CastroMelchor_2010
SCO4499	1	CastroMelchor_2010
SCO4507	1	CastroMelchor_2010
SCO4596	1	CastroMelchor_2010
SCO4597	1	CastroMelchor_2010
SCO4598	1	CastroMelchor_2010
SCO4628	1	CastroMelchor_2010
SCO4629	1	CastroMelchor_2010
SCO4639	1	CastroMelchor_2010
SCO4640	1	CastroMelchor_2010
SCO4667	1	CastroMelchor_2010
SCO4668	1	CastroMelchor_2010
SCO4671	1	CastroMelchor_2010
SCO4672	1	CastroMelchor_2010
SCO4673	1	CastroMelchor_2010
SCO4675	1	CastroMelchor_2010
SCO4676	1	CastroMelchor_2010
SCO4677	1	CastroMelchor_2010
SCO4680	1	CastroMelchor_2010
SCO4754	1	CastroMelchor_2010
SCO4766	1	CastroMelchor_2010
SCO4768	1	CastroMelchor_2010
SCO4769	1	CastroMelchor_2010
SCO4775	1	CastroMelchor_2010
SCO4776	1	CastroMelchor_2010
SCO4777	1	CastroMelchor_2010
SCO4778	1	CastroMelchor_2010
SCO4779	1	CastroMelchor_2010
SCO4791	1	CastroMelchor_2010
SCO4792	1	CastroMelchor_2010
SCO4817	1	CastroMelchor_2010
SCO4818	1	CastroMelchor_2010
SCO4820	1	CastroMelchor_2010
SCO4821	1	CastroMelchor_2010
SCO4836	1	CastroMelchor_2010
SCO4850	1	CastroMelchor_2010
SCO4851	1	CastroMelchor_2010
SCO4852	1	CastroMelchor_2010
SCO4864	1	CastroMelchor_2010
SCO4865	1	CastroMelchor_2010
SCO4866	1	CastroMelchor_2010
SCO4867	1	CastroMelchor_2010
SCO4871	1	CastroMelchor_2010
SCO4892	1	CastroMelchor_2010
SCO4894	1	CastroMelchor_2010
SCO4895	1	CastroMelchor_2010
SCO4898	1	CastroMelchor_2010
SCO4905	1	CastroMelchor_2010
SCO4906	1	CastroMelchor_2010
SCO4907	1	CastroMelchor_2010
SCO4920	1	CastroMelchor_2010
SCO4938	1	CastroMelchor_2010
SCO4944	1	CastroMelchor_2010
SCO4952	1	CastroMelchor_2010
SCO4961	1	CastroMelchor_2010
SCO4969	1	CastroMelchor_2010
SCO4970	1	CastroMelchor_2010
SCO4977	1	CastroMelchor_2010
SCO4996	1	CastroMelchor_2010
SCO5017	1	CastroMelchor_2010
SCO5025	1	CastroMelchor_2010
SCO5026	1	CastroMelchor_2010
SCO5033	1	CastroMelchor_2010
SCO5058	1	CastroMelchor_2010
SCO5065	1	CastroMelchor_2010
SCO5068	1	CastroMelchor_2010
SCO5082	1	CastroMelchor_2010
SCO5083	1	CastroMelchor_2010
SCO5084	1	CastroMelchor_2010
SCO5085	1	CastroMelchor_2010
SCO5096	1	CastroMelchor_2010
SCO5100	1	CastroMelchor_2010
SCO5129	1	CastroMelchor_2010
SCO5130	1	CastroMelchor_2010
SCO5131	1	CastroMelchor_2010
SCO5132	1	CastroMelchor_2010
SCO5147	1	CastroMelchor_2010
SCO5148	1	CastroMelchor_2010
SCO5170	1	CastroMelchor_2010
SCO5190	1	CastroMelchor_2010
SCO5191	1	CastroMelchor_2010
SCO5206	1	CastroMelchor_2010
SCO5209	1	CastroMelchor_2010
SCO5216	1	CastroMelchor_2010
SCO5217	1	CastroMelchor_2010
SCO5224	1	CastroMelchor_2010
SCO5231	1	CastroMelchor_2010
SCO5238	1	CastroMelchor_2010
SCO5239	1	CastroMelchor_2010
SCO5243	1	CastroMelchor_2010
SCO5244	1	CastroMelchor_2010
SCO5282	1	CastroMelchor_2010
SCO5283	1	CastroMelchor_2010
SCO5287	1	CastroMelchor_2010
SCO5296	1	CastroMelchor_2010
SCO5304	1	CastroMelchor_2010
SCO5305	1	CastroMelchor_2010
SCO5323	1	CastroMelchor_2010
SCO5338	1	CastroMelchor_2010
SCO5339	1	CastroMelchor_2010
SCO5340	1	CastroMelchor_2010
SCO5351	1	CastroMelchor_2010
SCO5377	1	CastroMelchor_2010
SCO5378	1	CastroMelchor_2010
SCO5384	1	CastroMelchor_2010
SCO5386	1	CastroMelchor_2010
SCO5403	1	CastroMelchor_2010
SCO5404	1	CastroMelchor_2010
SCO5405	1	CastroMelchor_2010
SCO5413	1	CastroMelchor_2010
SCO5416	1	CastroMelchor_2010
SCO5418	1	CastroMelchor_2010
SCO5433	1	CastroMelchor_2010
SCO5434	1	CastroMelchor_2010
SCO5435	1	CastroMelchor_2010
SCO5437	1	CastroMelchor_2010
SCO5438	1	CastroMelchor_2010
SCO5452	1	CastroMelchor_2010
SCO5453	1	CastroMelchor_2010
SCO5454	1	CastroMelchor_2010
SCO5455	1	CastroMelchor_2010
SCO5460	1	CastroMelchor_2010
SCO5463	1	CastroMelchor_2010
SCO5505	1	CastroMelchor_2010
SCO5506	1	CastroMelchor_2010
SCO5517	1	CastroMelchor_2010
SCO5518	1	CastroMelchor_2010
SCO5550	1	CastroMelchor_2010
SCO5552	1	CastroMelchor_2010
SCO5582	1	CastroMelchor_2010
SCO5583	1	CastroMelchor_2010
SCO5584	1	CastroMelchor_2010
SCO5585	1	CastroMelchor_2010
SCO5586	1	CastroMelchor_2010
SCO5621	1	CastroMelchor_2010
SCO5622	1	CastroMelchor_2010
SCO5655	1	CastroMelchor_2010
SCO5656	1	CastroMelchor_2010
SCO5678	1	CastroMelchor_2010
SCO5683	1	CastroMelchor_2010
SCO5684	1	CastroMelchor_2010
SCO5692	1	CastroMelchor_2010
SCO5723	1	CastroMelchor_2010
SCO5747	1	CastroMelchor_2010
SCO5748	1	CastroMelchor_2010
SCO5749	1	CastroMelchor_2010
SCO5756	1	CastroMelchor_2010
SCO5757	1	CastroMelchor_2010
SCO5758	1	CastroMelchor_2010
SCO5759	1	CastroMelchor_2010
SCO5762	1	CastroMelchor_2010
SCO5763	1	CastroMelchor_2010
SCO5764	1	CastroMelchor_2010
SCO5770	1	CastroMelchor_2010
SCO5778	1	CastroMelchor_2010
SCO5784	1	CastroMelchor_2010
SCO5785	1	CastroMelchor_2010
SCO5794	1	CastroMelchor_2010
SCO5811	1	CastroMelchor_2010
SCO5840	1	CastroMelchor_2010
SCO5847	1	CastroMelchor_2010
SCO5862	1	CastroMelchor_2010
SCO5863	1	CastroMelchor_2010
SCO5871	1	CastroMelchor_2010
SCO5872	1	CastroMelchor_2010
SCO5873	1	CastroMelchor_2010
SCO5874	1	CastroMelchor_2010
SCO5877	1	CastroMelchor_2010
SCO5878	1	CastroMelchor_2010
SCO5879	1	CastroMelchor_2010
SCO5880	1	CastroMelchor_2010
SCO5881	1	CastroMelchor_2010
SCO5914	1	CastroMelchor_2010
SCO5934	1	CastroMelchor_2010
SCO5935	1	CastroMelchor_2010
SCO5956	1	CastroMelchor_2010
SCO5962	1	CastroMelchor_2010
SCO5972	1	CastroMelchor_2010
SCO5973	1	CastroMelchor_2010
SCO5982	1	CastroMelchor_2010
SCO5983	1	CastroMelchor_2010
SCO6002	1	CastroMelchor_2010
SCO6003	1	CastroMelchor_2010
SCO6008	1	CastroMelchor_2010
SCO6020	1	CastroMelchor_2010
SCO6029	1	CastroMelchor_2010
SCO6071	1	CastroMelchor_2010
SCO6115	1	CastroMelchor_2010
SCO6118	1	CastroMelchor_2010
SCO6119	1	CastroMelchor_2010
SCO6128	1	CastroMelchor_2010
SCO6129	1	CastroMelchor_2010
SCO6138	1	CastroMelchor_2010
SCO6139	1	CastroMelchor_2010
SCO6140	1	CastroMelchor_2010
SCO6144	1	CastroMelchor_2010
SCO6150	1	CastroMelchor_2010
SCO6151	1	CastroMelchor_2010
SCO6153	1	CastroMelchor_2010
SCO6156	1	CastroMelchor_2010
SCO6159	1	CastroMelchor_2010
SCO6162	1	CastroMelchor_2010
SCO6163	1	CastroMelchor_2010
SCO6169	1	CastroMelchor_2010
SCO6207	1	CastroMelchor_2010
SCO6208	1	CastroMelchor_2010
SCO6219	1	CastroMelchor_2010
SCO6232	1	CastroMelchor_2010
SCO6233	1	CastroMelchor_2010
SCO6237	1	CastroMelchor_2010
SCO6238	1	CastroMelchor_2010
SCO6239	1	CastroMelchor_2010
SCO6253	1	CastroMelchor_2010
SCO6254	1	CastroMelchor_2010
SCO6256	1	CastroMelchor_2010
SCO6265	1	CastroMelchor_2010
SCO6268	1	CastroMelchor_2010
SCO6280	1	CastroMelchor_2010
SCO6281	1	CastroMelchor_2010
SCO6286	1	CastroMelchor_2010
SCO6287	1	CastroMelchor_2010
SCO6288	1	CastroMelchor_2010
SCO6294	1	CastroMelchor_2010
SCO6299	1	CastroMelchor_2010
SCO6309	1	CastroMelchor_2010
SCO6323	1	CastroMelchor_2010
SCO6334	1	CastroMelchor_2010
SCO6335	1	CastroMelchor_2010
SCO6349	1	CastroMelchor_2010
SCO6353	1	CastroMelchor_2010
SCO6354	1	CastroMelchor_2010
SCO6355	1	CastroMelchor_2010
SCO6356	1	CastroMelchor_2010
SCO6357	1	CastroMelchor_2010
SCO6360	1	CastroMelchor_2010
SCO6361	1	CastroMelchor_2010
SCO6362	1	CastroMelchor_2010
SCO6363	1	CastroMelchor_2010
SCO6364	1	CastroMelchor_2010
SCO6365	1	CastroMelchor_2010
SCO6366	1	CastroMelchor_2010
SCO6367	1	CastroMelchor_2010
SCO6368	1	CastroMelchor_2010
SCO6369	1	CastroMelchor_2010
SCO6410	1	CastroMelchor_2010
SCO6411	1	CastroMelchor_2010
SCO6412	1	CastroMelchor_2010
SCO6413	1	CastroMelchor_2010
SCO6421	1	CastroMelchor_2010
SCO6422	1	CastroMelchor_2010
SCO6423	1	CastroMelchor_2010
SCO6424	1	CastroMelchor_2010
SCO6439	1	CastroMelchor_2010
SCO6448	1	CastroMelchor_2010
SCO6459	1	CastroMelchor_2010
SCO6464	1	CastroMelchor_2010
SCO6474	1	CastroMelchor_2010
SCO6518	1	CastroMelchor_2010
SCO6519	1	CastroMelchor_2010
SCO6520	1	CastroMelchor_2010
SCO6554	1	CastroMelchor_2010
SCO6555	1	CastroMelchor_2010
SCO6565	1	CastroMelchor_2010
SCO6567	1	CastroMelchor_2010
SCO6568	1	CastroMelchor_2010
SCO6569	1	CastroMelchor_2010
SCO6570	1	CastroMelchor_2010
SCO6571	1	CastroMelchor_2010
SCO6621	1	CastroMelchor_2010
SCO6632	1	CastroMelchor_2010
SCO6633	1	CastroMelchor_2010
SCO6667	1	CastroMelchor_2010
SCO6668	1	CastroMelchor_2010
SCO6669	1	CastroMelchor_2010
SCO6675	1	CastroMelchor_2010
SCO6681	1	CastroMelchor_2010
SCO6682	1	CastroMelchor_2010
SCO6683	1	CastroMelchor_2010
SCO6684	1	CastroMelchor_2010
SCO6685	1	CastroMelchor_2010
SCO6694	1	CastroMelchor_2010
SCO6713	1	CastroMelchor_2010
SCO6715	1	CastroMelchor_2010
SCO6722	1	CastroMelchor_2010
SCO6733	1	CastroMelchor_2010
SCO6746	1	CastroMelchor_2010
SCO6747	1	CastroMelchor_2010
SCO6775	1	CastroMelchor_2010
SCO6777	1	CastroMelchor_2010
SCO6778	1	CastroMelchor_2010
SCO6781	1	CastroMelchor_2010
SCO6792	1	CastroMelchor_2010
SCO6808	1	CastroMelchor_2010
SCO6812	1	CastroMelchor_2010
SCO6813	1	CastroMelchor_2010
SCO6823	1	CastroMelchor_2010
SCO6830	1	CastroMelchor_2010
SCO6836	1	CastroMelchor_2010
SCO6837	1	CastroMelchor_2010
SCO6864	1	CastroMelchor_2010
SCO6865	1	CastroMelchor_2010
SCO6893	1	CastroMelchor_2010
SCO6894	1	CastroMelchor_2010
SCO6895	1	CastroMelchor_2010
SCO6896	1	CastroMelchor_2010
SCO6923	1	CastroMelchor_2010
SCO6924	1	CastroMelchor_2010
SCO6935	1	CastroMelchor_2010
SCO6936	1	CastroMelchor_2010
SCO6937	1	CastroMelchor_2010
SCO6938	1	CastroMelchor_2010
SCO6943	1	CastroMelchor_2010
SCO6944	1	CastroMelchor_2010
SCO6986	1	CastroMelchor_2010
SCO6992	1	CastroMelchor_2010
SCO7016	1	CastroMelchor_2010
SCO7025	1	CastroMelchor_2010
SCO7027	1	CastroMelchor_2010
SCO7032	1	CastroMelchor_2010
SCO7033	1	CastroMelchor_2010
SCO7042	1	CastroMelchor_2010
SCO7056	1	CastroMelchor_2010
SCO7075	1	CastroMelchor_2010
SCO7076	1	CastroMelchor_2010
SCO7086	1	CastroMelchor_2010
SCO7088	1	CastroMelchor_2010
SCO7089	1	CastroMelchor_2010
SCO7093	1	CastroMelchor_2010
SCO7099	1	CastroMelchor_2010
SCO7104	1	CastroMelchor_2010
SCO7112	1	CastroMelchor_2010
SCO7134	1	CastroMelchor_2010
SCO7137	1	CastroMelchor_2010
SCO7140	1	CastroMelchor_2010
SCO7145	1	CastroMelchor_2010
SCO7146	1	CastroMelchor_2010
SCO7168	1	CastroMelchor_2010
SCO7173	1	CastroMelchor_2010
SCO7175	1	CastroMelchor_2010
SCO7177	1	CastroMelchor_2010
SCO7178	1	CastroMelchor_2010
SCO7192	1	CastroMelchor_2010
SCO7201	1	CastroMelchor_2010
SCO7240	1	CastroMelchor_2010
SCO7241	1	CastroMelchor_2010
SCO7252	1	CastroMelchor_2010
SCO7270	1	CastroMelchor_2010
SCO7277	1	CastroMelchor_2010
SCO7278	1	CastroMelchor_2010
SCO7279	1	CastroMelchor_2010
SCO7289	1	CastroMelchor_2010
SCO7291	1	CastroMelchor_2010
SCO7295	1	CastroMelchor_2010
SCO7306	1	CastroMelchor_2010
SCO7307	1	CastroMelchor_2010
SCO7314	1	CastroMelchor_2010
SCO7315	1	CastroMelchor_2010
SCO7320	1	CastroMelchor_2010
SCO7321	1	CastroMelchor_2010
SCO7322	1	CastroMelchor_2010
SCO7323	1	CastroMelchor_2010
SCO7324	1	CastroMelchor_2010
SCO7325	1	CastroMelchor_2010
SCO7328	1	CastroMelchor_2010
SCO7341	1	CastroMelchor_2010
SCO7351	1	CastroMelchor_2010
SCO7352	1	CastroMelchor_2010
SCO7353	1	CastroMelchor_2010
SCO7363	1	CastroMelchor_2010
SCO7364	1	CastroMelchor_2010
SCO7417	1	CastroMelchor_2010
SCO7418	1	CastroMelchor_2010
SCO7419	1	CastroMelchor_2010
SCO7420	1	CastroMelchor_2010
SCO7421	1	CastroMelchor_2010
SCO7422	1	CastroMelchor_2010
SCO7433	1	CastroMelchor_2010
SCO7446	1	CastroMelchor_2010
SCO7463	1	CastroMelchor_2010
SCO7464	1	CastroMelchor_2010
SCO7465	1	CastroMelchor_2010
SCO7466	1	CastroMelchor_2010
SCO7484	1	CastroMelchor_2010
SCO7485	1	CastroMelchor_2010
SCO7486	1	CastroMelchor_2010
SCO7487	1	CastroMelchor_2010
SCO7488	1	CastroMelchor_2010
SCO7489	1	CastroMelchor_2010
SCO7497	1	CastroMelchor_2010
SCO7512	1	CastroMelchor_2010
SCO7527	1	CastroMelchor_2010
SCO7530	1	CastroMelchor_2010
SCO7533	1	CastroMelchor_2010
SCO7534	1	CastroMelchor_2010
SCO7535	1	CastroMelchor_2010
SCO7539	1	CastroMelchor_2010
SCO7554	1	CastroMelchor_2010
SCO7560	1	CastroMelchor_2010
SCO7561	1	CastroMelchor_2010
SCO7562	1	CastroMelchor_2010
SCO7568	1	CastroMelchor_2010
SCO7573	1	CastroMelchor_2010
SCO7584	1	CastroMelchor_2010
SCO7585	1	CastroMelchor_2010
SCO7591	1	CastroMelchor_2010
SCO7599	1	CastroMelchor_2010
SCO7602	1	CastroMelchor_2010
SCO7603	1	CastroMelchor_2010
SCO7610	1	CastroMelchor_2010
SCO7611	1	CastroMelchor_2010
SCO7614	1	CastroMelchor_2010
SCO7615	1	CastroMelchor_2010
SCO7616	1	CastroMelchor_2010
SCO7617	1	CastroMelchor_2010
SCO7618	1	CastroMelchor_2010
SCO7619	1	CastroMelchor_2010
SCO7624	1	CastroMelchor_2010
SCO7639	1	CastroMelchor_2010
SCO7640	1	CastroMelchor_2010
SCO7645	1	CastroMelchor_2010
SCO7648	1	CastroMelchor_2010
SCO7649	1	CastroMelchor_2010
SCO7651	1	CastroMelchor_2010
SCO7694	1	CastroMelchor_2010
SCO7696	1	CastroMelchor_2010
SCO7698	1	CastroMelchor_2010
SCO7704	1	CastroMelchor_2010
SCO7706	1	CastroMelchor_2010
SCO7711	1	CastroMelchor_2010
SCO7712	1	CastroMelchor_2010
SCO7719	1	CastroMelchor_2010
SCO7727	1	CastroMelchor_2010
SCO7732	1	CastroMelchor_2010
SCO7733	1	CastroMelchor_2010
SCO7734	1	CastroMelchor_2010
SCO7735	1	CastroMelchor_2010
SCO7742	1	CastroMelchor_2010
SCO7747	1	CastroMelchor_2010
SCO7748	1	CastroMelchor_2010
SCO7749	1	CastroMelchor_2010
SCO7750	1	CastroMelchor_2010
SCO7751	1	CastroMelchor_2010
SCO7754	1	CastroMelchor_2010
SCO7759	1	CastroMelchor_2010
SCO7765	1	CastroMelchor_2010
SCO7767	1	CastroMelchor_2010
SCO7778	1	CastroMelchor_2010
SCO7780	1	CastroMelchor_2010
SCO7784	1	CastroMelchor_2010
SCO7785	1	CastroMelchor_2010
SCO7794	1	CastroMelchor_2010
SCO7806	1	CastroMelchor_2010
SCO7807	1	CastroMelchor_2010
SCO7808	1	CastroMelchor_2010
SCO7809	1	CastroMelchor_2010
