mtase_group	mod_type	comparison	n_genes	spearman_r	spearman_p	concordance	note
AAGCCCG (SC_RS17645)	6mA	T2_vs_T1	54	-0.12674392019576283	0.3610999465778806	0.4074074074074074	
AAGCCCG (SC_RS17645)	6mA	T3_vs_T1	59	-0.04938632378725892	0.7102995022774503	0.3898305084745763	
AAGCCCG (SC_RS17645)	6mA	T3_vs_T2	56	-0.149353201546098	0.27193172847593106	0.42857142857142855	
AAGCCCG (SC_RS17645)	4mC	T2_vs_T1	49	0.1553061224489796	0.2866226512546589	0.46938775510204084	
AAGCCCG (SC_RS17645)	4mC	T3_vs_T1	45	-0.05876152832674571	0.7014057718278208	0.4444444444444444	
AAGCCCG (SC_RS17645)	4mC	T3_vs_T2	48	0.05557967867998263	0.7075063013685717	0.5208333333333334	
CCGG family (Dcm-like)	4mC	T2_vs_T1	307	0.08818090274708196	0.12313283821986404	0.5179153094462541	
CCGG family (Dcm-like)	4mC	T3_vs_T1	269	0.030887123994568357	0.6140170060312723	0.49814126394052044	
CCGG family (Dcm-like)	4mC	T3_vs_T2	301	-0.059671373133368934	0.30213213539927114	0.49169435215946844	
Unattributed	6mA	T2_vs_T1	380	-0.0725229839199316	0.15826401073243318	0.45526315789473687	
Unattributed	6mA	T3_vs_T1	397	-0.12052857288898054	0.016274194035527607	0.4282115869017632	
Unattributed	6mA	T3_vs_T2	406	-0.08820960389406965	0.07583906558111214	0.4802955665024631	
Unattributed	4mC	T2_vs_T1	224	0.1220129244423641	0.06834556939017596	0.5401785714285714	
Unattributed	4mC	T3_vs_T1	201	-0.008424006608653532	0.9055224270502243	0.5223880597014925	
Unattributed	4mC	T3_vs_T2	217	-0.04133854684456144	0.5447161944197927	0.4976958525345622	
