TF_name	BS_source	BS_abs_start	BS_abs_end	meth_position	meth_mod_type	meth_motif
SigB	FIMO_curated_motif	8301656	8301682	8301667	4mC	TGGCCGGC
sigE	ZorroAranda2022_Curated_Strong	3511698	3512048	3511844	4mC	AAGCCCG
sigR	ZorroAranda2022_Curated_Strong	3511698	3512048	3511844	4mC	AAGCCCG
sigE	ZorroAranda2022_Curated_Strong	3511698	3512048	3511844	4mC	AAGCCCG
catR	ZorroAranda2022_Curated_Strong	393171	393521	393381	6mA	GCCG
oxyR	ZorroAranda2022_Curated_Strong	5468440	5468790	5468607	4mC	AAGCCCG
scbR	ZorroAranda2022_Curated_Strong	6937677	6938027	6937702	6mA	GCCG
absA2	ZorroAranda2022_Curated_Strong	3528578	3528928	3528692	6mA	unassigned
glnR	ZorroAranda2022_Curated_Strong	2373940	2374290	2373952	6mA	unassigned
phoP	ZorroAranda2022_Curated_Strong	2373940	2374290	2373952	6mA	unassigned
soxR	ZorroAranda2022_Curated_Strong	2046942	2047292	2047270	6mA	unassigned
nnaR	ZorroAranda2022_Curated_Strong	3217758	3218108	3217770	4mC	AAGCCCG
argR	ZorroAranda2022_Curated_Strong	2400113	2400463	2400282	4mC	AAGCCCG
argR	ZorroAranda2022_Curated_Strong	4576084	4576434	4576306	4mC	AAGCCCG
argR	ZorroAranda2022_Curated_Strong	4708075	4708425	4708239	4mC	TGGCCGGC
argR	ZorroAranda2022_Curated_Strong	8120103	8120453	8120212	4mC	TGGCCGGC
argR	ZorroAranda2022_Curated_Strong	1681840	1682190	1682067	4mC	TGGCCGGC
argR	ZorroAranda2022_Curated_Strong	2373940	2374290	2373952	6mA	unassigned
draR	ZorroAranda2022_Curated_Strong	2176712	2177062	2176818	6mA	unassigned
draR	ZorroAranda2022_Curated_Strong	6937677	6938027	6937702	6mA	GCCG
afsQ1	ZorroAranda2022_Curated_Strong	3528578	3528928	3528692	6mA	unassigned
afsQ1	ZorroAranda2022_Curated_Strong	4393739	4394089	4393915	6mA	unassigned
afsQ1	ZorroAranda2022_Curated_Strong	4393739	4394089	4393916	6mA	unassigned
afsQ1	ZorroAranda2022_Curated_Strong	4393739	4394089	4393917	6mA	unassigned
afsQ1	ZorroAranda2022_Curated_Strong	4979442	4979792	4979672	6mA	unassigned
afsQ1	ZorroAranda2022_Curated_Strong	4979442	4979792	4979676	4mC	AAGCCCG
afsQ1	ZorroAranda2022_Curated_Strong	2373940	2374290	2373952	6mA	unassigned
abrC3	ZorroAranda2022_Curated_Strong	779840	780190	779920	6mA	unassigned
abrC3	ZorroAranda2022_Curated_Strong	2270809	2271159	2271016	4mC	AAGCCCG
tamR	ZorroAranda2022_Curated_Strong	5257134	5257484	5257467	6mA	unassigned
scbR	ZorroAranda2022_Curated_Strong	3528578	3528928	3528692	6mA	unassigned
scbR	ZorroAranda2022_Curated_Strong	4838912	4839262	4838996	6mA	unassigned
scbR2	ZorroAranda2022_Curated_Strong	1681840	1682190	1682067	4mC	TGGCCGGC
scbR2	ZorroAranda2022_Curated_Strong	2544567	2544917	2544743	4mC	TGGCCGGC
scbR2	ZorroAranda2022_Curated_Strong	2841531	2841881	2841875	6mA	unassigned
scbR2	ZorroAranda2022_Curated_Strong	3528578	3528928	3528692	6mA	unassigned
scbR2	ZorroAranda2022_Curated_Strong	6651728	6652078	6652051	6mA	unassigned
scbR	ZorroAranda2022_Curated_Strong	2544567	2544917	2544743	4mC	TGGCCGGC
scbR2	ZorroAranda2022_Curated_Strong	4838912	4839262	4838996	6mA	unassigned
	ZorroAranda2022_Curated_Strong	3528578	3528928	3528692	6mA	unassigned
argR	ZorroAranda2022_Curated_Strong	4845807	4846157	4846036	6mA	unassigned
sigE	ZorroAranda2022_Curated_Strong	3499732	3500082	3499839	6mA	CCGG
sigE	ZorroAranda2022_Curated_Strong	3499732	3500082	3499997	6mA	unassigned
hypR	ZorroAranda2022_Curated_Strong	5786658	5787008	5786901	4mC	TGGCCGGC
hypR	ZorroAranda2022_Curated_Strong	5786658	5787008	5786902	4mC	TGGCCGGC
hypR	ZorroAranda2022_Curated_Strong	5786658	5787008	5786906	6mA	unassigned
