chrom	position	strand	T1_freq	T2_freq	T3_freq	delta	category	pattern	region
NC_003888.3	849568	-	88.82	84.73	50.28	38.53999999999999	dynamic	Monotone decrease	arm
NC_003888.3	1126539	+	54.29	83.3	86.8	32.51	dynamic	Monotone increase	arm
NC_003888.3	5491377	+	91.88	83.4	60.83	31.049999999999997	dynamic	Monotone decrease	core
NC_003888.3	5911122	+	80.63	90.49	59.51	30.979999999999997	dynamic	Peak (T2 max)	core
NC_003888.3	3930304	-	81.09	87.89	59.07	28.82	dynamic	Peak (T2 max)	core
NC_003888.3	4557114	-	68.31	59.39	87.54	28.150000000000006	dynamic	Valley (T2 min)	core
NC_003888.3	6528253	-	84.44	56.6	77.27	27.839999999999996	dynamic	Valley (T2 min)	core
NC_003888.3	6009873	-	59.58	70.48	87.18	27.60000000000001	dynamic	Monotone increase	core
NC_003888.3	5200407	-	94.87	73.88	67.41	27.460000000000008	dynamic	Monotone decrease	core
NC_003888.3	5426350	-	84.29	65.28	91.88	26.599999999999994	dynamic	Valley (T2 min)	core
NC_003888.3	2945348	-	83.82	87.85	61.48	26.369999999999997	dynamic	Peak (T2 max)	core
NC_003888.3	7140660	-	77.13	62.59	51.71	25.419999999999995	dynamic	Monotone decrease	core
NC_003888.3	7348859	+	66.67	82.33	91.86	25.189999999999998	dynamic	Monotone increase	arm
NC_003888.3	1144627	-	77.78	52.6	74.64	25.18	dynamic	Valley (T2 min)	arm
NC_003888.3	5586248	-	94.12	69.21	73.74	24.91000000000001	dynamic	Valley (T2 min)	core
NC_003888.3	2304887	-	80.16	76.72	55.67	24.489999999999995	dynamic	Monotone decrease	core
NC_003888.3	4019994	-	86.64	84.52	62.22	24.42	dynamic	Monotone decrease	core
NC_003888.3	2027745	+	71.52	95.14	82.74	23.620000000000005	dynamic	Peak (T2 max)	core
NC_003888.3	7176637	+	90.84	71.49	67.27	23.570000000000007	dynamic	Monotone decrease	arm
NC_003888.3	3444695	+	81.91	88.66	65.3	23.36	dynamic	Peak (T2 max)	core
NC_003888.3	4492468	-	85.11	81.2	62.5	22.61	dynamic	Monotone decrease	core
NC_003888.3	2212029	-	78.38	92.59	70.44	22.150000000000006	dynamic	Peak (T2 max)	core
NC_003888.3	5561237	+	86.12	65.05	64.03	22.090000000000003	dynamic	Monotone decrease	core
NC_003888.3	6490220	-	79.58	57.59	72.31	21.989999999999995	dynamic	Valley (T2 min)	core
NC_003888.3	4354719	-	89.33	89.92	68.25	21.67	dynamic	Peak (T2 max)	core
NC_003888.3	5091538	+	63.49	74.05	84.9	21.410000000000004	dynamic	Monotone increase	core
NC_003888.3	3744614	-	73.43	82.58	94.71	21.279999999999987	dynamic	Monotone increase	core
NC_003888.3	4760334	+	71.88	91.76	92.62	20.74000000000001	dynamic	Monotone increase	core
NC_003888.3	4237748	+	86.03	65.51	86.11	20.599999999999994	dynamic	Valley (T2 min)	core
NC_003888.3	7816264	+	74.53	86.28	65.97	20.310000000000002	dynamic	Peak (T2 max)	arm
NC_003888.3	1405945	-	90.48	84.52	70.25	20.230000000000004	dynamic	Monotone decrease	arm
NC_003888.3	7880437	-	85.4	73.81	65.21	20.190000000000012	dynamic	Monotone decrease	arm
NC_003888.3	2463377	-	75.22	79.05	95.24	20.019999999999996	dynamic	Monotone increase	core
NC_003888.3	8427620	+	78.21	93.33	98.04	19.830000000000013	dynamic	Monotone increase	arm
NC_003888.3	1929016	-	51.03	70.85	53.9	19.819999999999993	dynamic	Peak (T2 max)	core
NC_003888.3	6420788	+	84.41	93.18	73.41	19.77000000000001	dynamic	Peak (T2 max)	core
NC_003888.3	7966815	-	98.61	96.1	79.01	19.599999999999994	dynamic	Monotone decrease	arm
NC_003888.3	4420062	+	83.42	91.67	72.14	19.53	dynamic	Peak (T2 max)	core
NC_003888.3	3103725	-	70.35	89.43	85.18	19.080000000000013	dynamic	Peak (T2 max)	core
NC_003888.3	4730940	-	73.41	60.87	54.62	18.79	dynamic	Monotone decrease	core
NC_003888.3	4875388	-	87.72	76.41	94.87	18.460000000000008	dynamic	Valley (T2 min)	core
NC_003888.3	4363050	+	82.58	82.18	64.19	18.39	dynamic	Monotone decrease	core
NC_003888.3	5650747	-	84.83	66.61	78.93	18.22	dynamic	Valley (T2 min)	core
NC_003888.3	3397812	+	80.42	74.45	62.39	18.03	dynamic	Monotone decrease	core
NC_003888.3	6709357	+	58.78	64.76	76.61	17.83	dynamic	Monotone increase	core
NC_003888.3	2911607	+	94.94	78.57	96.37	17.80000000000001	dynamic	Valley (T2 min)	core
NC_003888.3	2486595	+	82.75	65.15	74.25	17.599999999999994	dynamic	Valley (T2 min)	core
NC_003888.3	3024503	-	90.5	72.96	79.5	17.540000000000006	dynamic	Valley (T2 min)	core
NC_003888.3	6832902	-	74.94	92.46	84.13	17.519999999999996	dynamic	Peak (T2 max)	core
NC_003888.3	4654798	+	88.97	71.52	79.56	17.450000000000003	dynamic	Valley (T2 min)	core
NC_003888.3	2915338	+	98.55	85.07	81.11	17.439999999999998	dynamic	Monotone decrease	core
NC_003888.3	6697443	+	85.42	78.99	68.05	17.370000000000005	dynamic	Monotone decrease	core
NC_003888.3	6480346	-	94.51	80.84	98.15	17.310000000000002	dynamic	Valley (T2 min)	core
NC_003888.3	6039604	-	87.01	91.93	74.64	17.290000000000006	dynamic	Peak (T2 max)	core
NC_003888.3	4309104	-	79.76	72.63	62.5	17.260000000000005	dynamic	Monotone decrease	core
NC_003888.3	7420172	+	88.38	96.08	78.89	17.189999999999998	dynamic	Peak (T2 max)	arm
NC_003888.3	2008110	+	92.07	88.39	74.88	17.189999999999998	dynamic	Monotone decrease	core
NC_003888.3	3622804	+	94.95	88.7	77.78	17.17	dynamic	Monotone decrease	core
NC_003888.3	1190775	-	94.44	88.26	77.27	17.17	dynamic	Monotone decrease	arm
NC_003888.3	1985445	+	63.62	50.0	67.06	17.060000000000002	dynamic	Valley (T2 min)	core
NC_003888.3	2400994	+	73.49	78.86	61.83	17.03	dynamic	Peak (T2 max)	core
NC_003888.3	911132	+	80.89	94.12	97.92	17.03	dynamic	Monotone increase	arm
NC_003888.3	3453798	-	68.21	61.11	78.13	17.019999999999996	dynamic	Valley (T2 min)	core
NC_003888.3	7634732	+	80.78	97.78	88.89	17.0	dynamic	Peak (T2 max)	arm
NC_003888.3	3526687	+	97.06	80.08	86.38	16.980000000000004	dynamic	Valley (T2 min)	core
NC_003888.3	4792397	+	79.5	80.73	96.3	16.799999999999997	dynamic	Monotone increase	core
NC_003888.3	3671380	-	93.61	76.85	91.48	16.760000000000005	dynamic	Valley (T2 min)	core
NC_003888.3	2218444	+	92.44	79.73	75.75	16.689999999999998	dynamic	Monotone decrease	core
NC_003888.3	5312472	+	81.25	69.34	64.6	16.650000000000006	dynamic	Monotone decrease	core
NC_003888.3	5916295	-	90.44	83.52	100.0	16.480000000000004	dynamic	Valley (T2 min)	core
NC_003888.3	460130	-	93.64	77.43	81.67	16.209999999999994	dynamic	Valley (T2 min)	arm
NC_003888.3	3348495	-	76.24	60.19	70.71	16.049999999999997	dynamic	Valley (T2 min)	core
NC_003888.3	1107099	+	87.45	96.67	80.63	16.040000000000006	dynamic	Peak (T2 max)	arm
NC_003888.3	2582224	-	90.9	84.85	74.88	16.02000000000001	dynamic	Monotone decrease	core
NC_003888.3	4828966	+	78.36	78.21	94.21	16.0	dynamic	Valley (T2 min)	core
NC_003888.3	441709	-	81.94	97.92	91.55	15.980000000000004	dynamic	Peak (T2 max)	arm
NC_003888.3	2316074	+	97.78	84.26	81.97	15.810000000000002	dynamic	Monotone decrease	core
NC_003888.3	6057036	+	65.99	50.34	63.18	15.649999999999991	dynamic	Valley (T2 min)	core
NC_003888.3	5247253	+	79.74	76.16	64.12	15.61999999999999	dynamic	Monotone decrease	core
NC_003888.3	1943198	+	89.47	83.33	73.88	15.590000000000003	dynamic	Monotone decrease	core
NC_003888.3	4472362	+	79.0	67.3	63.48	15.520000000000003	dynamic	Monotone decrease	core
NC_003888.3	5213907	+	86.15	94.07	78.64	15.429999999999993	dynamic	Peak (T2 max)	core
NC_003888.3	2178642	+	80.25	72.54	64.85	15.400000000000006	dynamic	Monotone decrease	core
NC_003888.3	4200147	-	94.72	91.65	79.34	15.379999999999995	dynamic	Monotone decrease	core
NC_003888.3	3969402	+	85.19	70.16	69.84	15.349999999999994	dynamic	Monotone decrease	core
NC_003888.3	2610388	-	77.72	62.38	75.89	15.339999999999996	dynamic	Valley (T2 min)	core
NC_003888.3	5057397	+	84.22	78.36	68.89	15.329999999999998	dynamic	Monotone decrease	core
NC_003888.3	6211240	+	95.06	94.58	79.76	15.299999999999997	dynamic	Monotone decrease	core
NC_003888.3	372882	-	93.27	89.52	77.97	15.299999999999997	dynamic	Monotone decrease	arm
NC_003888.3	6046580	-	57.41	69.53	54.24	15.29	dynamic	Peak (T2 max)	core
NC_003888.3	3886525	+	85.07	82.79	69.82	15.25	dynamic	Monotone decrease	core
NC_003888.3	5448469	+	90.43	80.42	75.21	15.220000000000013	dynamic	Monotone decrease	core
NC_003888.3	4445154	-	75.98	87.92	91.19	15.209999999999994	dynamic	Monotone increase	core
NC_003888.3	1480748	-	89.41	74.22	77.98	15.189999999999998	dynamic	Valley (T2 min)	arm
NC_003888.3	4529995	+	92.04	81.71	76.92	15.120000000000005	dynamic	Monotone decrease	core
NC_003888.3	7210462	-	96.25	100.0	84.95	15.049999999999997	dynamic	Peak (T2 max)	arm
NC_003888.3	5503134	+	86.42	71.38	72.19	15.040000000000006	dynamic	Valley (T2 min)	core
NC_003888.3	2609980	-	86.19	84.09	71.17	15.019999999999996	dynamic	Monotone decrease	core
NC_003888.3	5797696	-	93.59	98.33	83.34	14.989999999999995	dynamic	Peak (T2 max)	core
NC_003888.3	663377	+	95.24	80.33	92.46	14.909999999999997	dynamic	Valley (T2 min)	arm
NC_003888.3	5070543	-	94.33	79.5	83.14	14.829999999999998	dynamic	Valley (T2 min)	core
NC_003888.3	2636552	+	86.43	94.97	80.16	14.810000000000002	dynamic	Peak (T2 max)	core
NC_003888.3	4994408	+	81.47	74.04	66.69	14.780000000000001	dynamic	Monotone decrease	core
NC_003888.3	5015413	-	72.65	58.01	59.76	14.640000000000008	dynamic	Valley (T2 min)	core
NC_003888.3	2601300	-	81.73	67.09	72.5	14.64	dynamic	Valley (T2 min)	core
NC_003888.3	4609721	-	70.1	84.67	81.8	14.570000000000007	dynamic	Peak (T2 max)	core
NC_003888.3	5845058	+	81.93	71.08	85.64	14.560000000000002	dynamic	Valley (T2 min)	core
NC_003888.3	2347213	+	97.92	86.13	83.36	14.560000000000002	dynamic	Monotone decrease	core
NC_003888.3	2697702	-	86.39	96.67	82.32	14.350000000000009	dynamic	Peak (T2 max)	core
NC_003888.3	2546354	+	75.71	84.44	70.09	14.349999999999994	dynamic	Peak (T2 max)	core
NC_003888.3	5471207	-	71.94	75.09	60.76	14.330000000000005	dynamic	Peak (T2 max)	core
NC_003888.3	6254672	-	97.78	84.42	83.46	14.320000000000007	dynamic	Monotone decrease	core
NC_003888.3	1468404	-	94.84	80.52	89.17	14.320000000000007	dynamic	Valley (T2 min)	arm
NC_003888.3	7773144	-	100.0	85.72	91.19	14.280000000000001	dynamic	Valley (T2 min)	arm
NC_003888.3	4995850	+	78.97	88.85	74.63	14.219999999999999	dynamic	Peak (T2 max)	core
NC_003888.3	4079406	-	96.19	91.67	82.0	14.189999999999998	dynamic	Monotone decrease	core
NC_003888.3	3976757	-	69.6	55.42	64.65	14.179999999999993	dynamic	Valley (T2 min)	core
NC_003888.3	3700627	-	82.5	82.18	68.35	14.150000000000006	dynamic	Monotone decrease	core
NC_003888.3	6030018	+	96.26	84.15	82.13	14.13000000000001	dynamic	Monotone decrease	core
NC_003888.3	8365342	-	90.28	94.44	80.32	14.120000000000005	dynamic	Peak (T2 max)	arm
NC_003888.3	4935662	+	93.13	86.44	79.05	14.079999999999998	dynamic	Monotone decrease	core
NC_003888.3	5159175	-	94.06	89.96	80.04	14.019999999999996	dynamic	Monotone decrease	core
NC_003888.3	7622522	-	76.11	82.6	68.7	13.899999999999991	dynamic	Peak (T2 max)	arm
NC_003888.3	2103449	+	94.62	92.41	80.73	13.89	dynamic	Monotone decrease	core
NC_003888.3	6625301	+	86.06	96.08	82.27	13.810000000000002	dynamic	Peak (T2 max)	core
NC_003888.3	5478036	+	83.65	95.06	97.44	13.789999999999992	dynamic	Monotone increase	core
NC_003888.3	2946180	-	65.81	62.06	75.81	13.75	dynamic	Valley (T2 min)	core
NC_003888.3	8503014	+	76.4	90.14	84.22	13.739999999999995	dynamic	Peak (T2 max)	arm
NC_003888.3	4949632	+	94.86	96.73	83.06	13.670000000000002	dynamic	Peak (T2 max)	core
NC_003888.3	4983938	+	68.9	74.24	60.58	13.659999999999997	dynamic	Peak (T2 max)	core
NC_003888.3	3533746	-	85.94	72.36	78.04	13.579999999999998	dynamic	Valley (T2 min)	core
NC_003888.3	4872346	-	92.78	79.23	84.52	13.549999999999997	dynamic	Valley (T2 min)	core
NC_003888.3	6459845	-	98.04	92.16	84.53	13.510000000000005	dynamic	Monotone decrease	core
NC_003888.3	7359957	+	78.52	69.14	65.03	13.489999999999995	dynamic	Monotone decrease	arm
NC_003888.3	3620211	+	90.56	79.79	93.27	13.47999999999999	dynamic	Valley (T2 min)	core
NC_003888.3	7463794	-	76.67	78.92	90.12	13.450000000000003	dynamic	Monotone increase	arm
NC_003888.3	6095147	-	86.26	90.0	76.67	13.329999999999998	dynamic	Peak (T2 max)	core
NC_003888.3	3993845	-	81.78	75.97	68.52	13.260000000000005	dynamic	Monotone decrease	core
NC_003888.3	8005438	+	100.0	94.53	86.78	13.219999999999999	dynamic	Monotone decrease	arm
NC_003888.3	3601358	+	92.84	88.13	79.63	13.210000000000008	dynamic	Monotone decrease	core
NC_003888.3	1534652	-	91.64	87.19	78.43	13.209999999999994	dynamic	Monotone decrease	core
NC_003888.3	5648877	+	84.9	89.24	98.04	13.14	dynamic	Monotone increase	core
NC_003888.3	2474766	+	86.86	93.38	100.0	13.14	dynamic	Monotone increase	core
NC_003888.3	7289324	-	84.73	78.57	91.58	13.010000000000005	dynamic	Valley (T2 min)	arm
NC_003888.3	1805538	+	75.2	81.89	88.14	12.939999999999998	dynamic	Monotone increase	core
NC_003888.3	3185368	+	96.26	93.75	83.33	12.930000000000007	dynamic	Monotone decrease	core
NC_003888.3	2318937	-	58.33	71.22	59.43	12.89	dynamic	Peak (T2 max)	core
NC_003888.3	4955597	+	80.21	67.34	78.87	12.86999999999999	dynamic	Valley (T2 min)	core
NC_003888.3	3486246	+	82.04	94.87	91.9	12.829999999999998	dynamic	Peak (T2 max)	core
NC_003888.3	8059748	+	71.72	84.49	83.33	12.769999999999996	dynamic	Peak (T2 max)	arm
NC_003888.3	3617785	-	93.29	83.66	96.39	12.730000000000004	dynamic	Valley (T2 min)	core
NC_003888.3	6478516	+	72.14	83.26	70.56	12.700000000000003	dynamic	Peak (T2 max)	core
NC_003888.3	251362	-	78.89	86.76	74.07	12.690000000000012	dynamic	Peak (T2 max)	arm
NC_003888.3	6556715	-	73.81	65.88	61.21	12.600000000000001	dynamic	Monotone decrease	core
NC_003888.3	4230958	+	87.22	74.65	75.76	12.569999999999993	dynamic	Valley (T2 min)	core
NC_003888.3	2675206	-	78.81	66.32	72.88	12.490000000000009	dynamic	Valley (T2 min)	core
NC_003888.3	2598013	+	98.41	96.31	86.04	12.36999999999999	dynamic	Monotone decrease	core
NC_003888.3	5681476	-	93.87	89.68	81.65	12.219999999999999	dynamic	Monotone decrease	core
NC_003888.3	4899060	-	73.17	60.99	70.16	12.18	dynamic	Valley (T2 min)	core
NC_003888.3	5188336	+	84.94	84.18	96.3	12.11999999999999	dynamic	Valley (T2 min)	core
NC_003888.3	1940460	-	98.41	86.3	93.27	12.11	dynamic	Valley (T2 min)	core
NC_003888.3	7484367	+	86.3	91.64	79.6	12.040000000000006	dynamic	Peak (T2 max)	arm
NC_003888.3	2889007	+	84.54	96.58	95.54	12.039999999999992	dynamic	Peak (T2 max)	core
NC_003888.3	1394427	-	97.92	100.0	88.01	11.989999999999995	dynamic	Peak (T2 max)	arm
NC_003888.3	5677375	+	82.22	70.3	73.79	11.920000000000002	dynamic	Valley (T2 min)	core
NC_003888.3	6566716	+	91.0	85.3	97.22	11.920000000000002	dynamic	Valley (T2 min)	core
NC_003888.3	2246196	-	100.0	98.33	88.16	11.840000000000003	dynamic	Monotone decrease	core
NC_003888.3	5317558	+	92.86	87.33	81.11	11.75	dynamic	Monotone decrease	core
NC_003888.3	4359447	-	78.06	75.85	66.33	11.730000000000004	dynamic	Monotone decrease	core
NC_003888.3	5820597	+	93.06	86.54	81.33	11.730000000000004	dynamic	Monotone decrease	core
NC_003888.3	1375940	+	97.22	90.3	85.51	11.709999999999994	dynamic	Monotone decrease	arm
NC_003888.3	5003996	-	89.89	78.25	81.32	11.64	dynamic	Valley (T2 min)	core
NC_003888.3	5448109	-	71.67	68.69	60.04	11.630000000000003	dynamic	Monotone decrease	core
NC_003888.3	647285	+	88.37	100.0	100.0	11.629999999999995	dynamic	Other	arm
NC_003888.3	5656844	-	86.94	75.32	77.54	11.620000000000005	dynamic	Valley (T2 min)	core
NC_003888.3	6367295	-	94.35	82.73	88.15	11.61999999999999	dynamic	Valley (T2 min)	core
NC_003888.3	2355371	+	78.51	78.39	89.98	11.590000000000003	dynamic	Valley (T2 min)	core
NC_003888.3	1667535	-	95.65	84.09	89.74	11.560000000000002	dynamic	Valley (T2 min)	core
NC_003888.3	2847682	-	90.67	84.31	79.17	11.5	dynamic	Monotone decrease	core
NC_003888.3	7248425	+	96.25	90.54	84.75	11.5	dynamic	Monotone decrease	arm
NC_003888.3	5038861	+	81.51	70.11	70.01	11.5	dynamic	Monotone decrease	core
NC_003888.3	6157835	+	87.3	95.66	84.21	11.450000000000003	dynamic	Peak (T2 max)	core
NC_003888.3	4654147	+	86.7	86.68	75.34	11.36	dynamic	Monotone decrease	core
NC_003888.3	5563993	-	71.4	82.66	71.3	11.36	dynamic	Peak (T2 max)	core
NC_003888.3	6405086	-	92.1	85.63	96.97	11.340000000000003	dynamic	Valley (T2 min)	core
NC_003888.3	1767009	-	76.31	65.0	71.65	11.310000000000002	dynamic	Valley (T2 min)	core
NC_003888.3	3012824	-	73.89	66.2	77.49	11.289999999999992	dynamic	Valley (T2 min)	core
NC_003888.3	6281333	+	79.34	71.86	68.06	11.280000000000001	dynamic	Monotone decrease	core
NC_003888.3	4023371	-	89.29	96.97	85.71	11.260000000000005	dynamic	Peak (T2 max)	core
NC_003888.3	4635324	+	89.55	85.45	96.67	11.219999999999999	dynamic	Valley (T2 min)	core
NC_003888.3	7149016	-	75.35	78.4	67.19	11.210000000000008	dynamic	Peak (T2 max)	core
NC_003888.3	8171175	-	88.33	96.3	85.09	11.209999999999994	dynamic	Peak (T2 max)	arm
NC_003888.3	4521480	-	92.04	80.84	86.92	11.200000000000003	dynamic	Valley (T2 min)	core
NC_003888.3	8203590	-	94.1	86.35	82.9	11.199999999999989	dynamic	Monotone decrease	arm
NC_003888.3	4256468	-	86.49	78.03	89.15	11.120000000000005	dynamic	Valley (T2 min)	core
NC_003888.3	4191051	+	68.7	70.37	59.26	11.110000000000007	dynamic	Peak (T2 max)	core
NC_003888.3	3440963	+	55.16	50.0	61.11	11.11	dynamic	Valley (T2 min)	core
NC_003888.3	8564813	-	100.0	98.67	88.89	11.11	dynamic	Monotone decrease	arm
NC_003888.3	3165387	+	75.43	74.76	64.38	11.050000000000011	dynamic	Monotone decrease	core
NC_003888.3	5257558	-	92.48	94.49	83.45	11.039999999999992	dynamic	Peak (T2 max)	core
NC_003888.3	4782777	+	71.19	76.29	82.22	11.030000000000001	dynamic	Monotone increase	core
NC_003888.3	4024324	+	94.28	85.98	96.97	10.989999999999995	dynamic	Valley (T2 min)	core
NC_003888.3	4893485	+	94.0	83.01	92.09	10.989999999999995	dynamic	Valley (T2 min)	core
NC_003888.3	8135264	-	93.64	94.53	83.6	10.930000000000007	dynamic	Peak (T2 max)	arm
NC_003888.3	6886810	-	93.79	89.11	100.0	10.89	dynamic	Valley (T2 min)	core
NC_003888.3	7441094	-	100.0	89.12	97.92	10.879999999999995	dynamic	Valley (T2 min)	arm
NC_003888.3	1402389	+	89.09	80.79	91.67	10.879999999999995	dynamic	Valley (T2 min)	arm
NC_003888.3	5198936	-	93.39	85.21	82.51	10.879999999999995	dynamic	Monotone decrease	core
NC_003888.3	450269	+	100.0	90.24	89.15	10.849999999999994	dynamic	Monotone decrease	arm
NC_003888.3	1293847	+	96.08	95.3	85.24	10.840000000000003	dynamic	Monotone decrease	arm
NC_003888.3	5084441	-	79.07	85.36	74.55	10.810000000000002	dynamic	Peak (T2 max)	core
NC_003888.3	4064212	-	90.87	85.09	95.87	10.780000000000001	dynamic	Valley (T2 min)	core
NC_003888.3	3129517	+	98.33	91.92	87.55	10.780000000000001	dynamic	Monotone decrease	core
NC_003888.3	6213469	-	59.8	70.54	70.43	10.740000000000009	dynamic	Peak (T2 max)	core
NC_003888.3	149840	-	92.21	84.99	95.69	10.700000000000003	dynamic	Valley (T2 min)	arm
NC_003888.3	2971440	-	87.23	95.35	84.65	10.699999999999989	dynamic	Peak (T2 max)	core
NC_003888.3	5067422	+	77.18	66.51	69.58	10.670000000000002	dynamic	Valley (T2 min)	core
NC_003888.3	4467414	-	74.46	69.41	80.06	10.650000000000006	dynamic	Valley (T2 min)	core
NC_003888.3	1034866	+	86.57	87.13	97.22	10.650000000000006	dynamic	Monotone increase	arm
NC_003888.3	3000735	+	93.86	87.79	83.23	10.629999999999995	dynamic	Monotone decrease	core
NC_003888.3	3978105	+	87.86	77.25	86.07	10.61	dynamic	Valley (T2 min)	core
NC_003888.3	3102750	+	92.31	95.65	85.06	10.590000000000003	dynamic	Peak (T2 max)	core
NC_003888.3	7608702	-	100.0	93.91	89.42	10.579999999999998	dynamic	Monotone decrease	arm
NC_003888.3	1835273	-	83.41	93.98	90.74	10.570000000000007	dynamic	Peak (T2 max)	core
NC_003888.3	2153661	-	87.81	89.71	79.17	10.539999999999992	dynamic	Peak (T2 max)	core
NC_003888.3	4748625	-	83.11	78.65	89.18	10.530000000000001	dynamic	Valley (T2 min)	core
NC_003888.3	1660352	+	77.98	88.38	84.85	10.399999999999991	dynamic	Peak (T2 max)	core
NC_003888.3	3234842	-	94.05	83.66	87.88	10.39	dynamic	Valley (T2 min)	core
NC_003888.3	5985333	+	59.31	57.63	67.99	10.359999999999992	dynamic	Valley (T2 min)	core
NC_003888.3	2164041	-	84.51	90.83	80.49	10.340000000000003	dynamic	Peak (T2 max)	core
NC_003888.3	5861503	+	91.03	87.53	80.73	10.299999999999997	dynamic	Monotone decrease	core
NC_003888.3	5712337	-	61.96	51.68	56.65	10.280000000000001	dynamic	Valley (T2 min)	core
NC_003888.3	3529637	-	89.56	89.55	79.3	10.260000000000005	dynamic	Monotone decrease	core
NC_003888.3	2580460	+	92.59	89.28	82.34	10.25	dynamic	Monotone decrease	core
NC_003888.3	4207214	+	63.34	70.85	73.56	10.219999999999999	dynamic	Monotone increase	core
NC_003888.3	4337264	+	88.97	78.76	80.3	10.209999999999994	dynamic	Valley (T2 min)	core
NC_003888.3	1548745	+	97.78	95.24	87.6	10.180000000000007	dynamic	Monotone decrease	core
NC_003888.3	4982673	+	88.41	89.44	79.26	10.179999999999993	dynamic	Peak (T2 max)	core
NC_003888.3	5270694	+	85.92	75.77	84.74	10.150000000000006	dynamic	Valley (T2 min)	core
NC_003888.3	1716986	-	94.59	88.33	84.44	10.150000000000006	dynamic	Monotone decrease	core
NC_003888.3	7048730	-	86.34	80.02	76.22	10.120000000000005	dynamic	Monotone decrease	core
NC_003888.3	3646715	-	91.07	96.08	85.96	10.120000000000005	dynamic	Peak (T2 max)	core
NC_003888.3	3929144	-	78.06	74.03	84.03	10.0	dynamic	Valley (T2 min)	core
NC_003888.3	912367	-	90.28	85.25	95.24	9.989999999999995	dynamic	Valley (T2 min)	arm
NC_003888.3	5062697	-	97.92	87.94	88.69	9.980000000000004	dynamic	Valley (T2 min)	core
NC_003888.3	6873495	+	100.0	91.72	90.03	9.969999999999999	dynamic	Monotone decrease	core
NC_003888.3	4404495	-	87.09	88.85	78.89	9.959999999999994	dynamic	Peak (T2 max)	core
NC_003888.3	4297746	+	87.33	82.61	77.38	9.950000000000003	dynamic	Monotone decrease	core
NC_003888.3	3696288	-	92.94	83.04	88.97	9.899999999999991	dynamic	Valley (T2 min)	core
NC_003888.3	6185801	-	95.48	87.3	85.59	9.89	dynamic	Monotone decrease	core
NC_003888.3	3462147	+	85.1	92.5	82.63	9.870000000000005	dynamic	Peak (T2 max)	core
NC_003888.3	6379484	-	74.08	68.75	78.62	9.870000000000005	dynamic	Valley (T2 min)	core
NC_003888.3	5628198	-	92.87	83.09	89.63	9.780000000000001	dynamic	Valley (T2 min)	core
NC_003888.3	6276452	+	76.67	66.89	72.43	9.780000000000001	dynamic	Valley (T2 min)	core
NC_003888.3	4165530	+	94.8	92.62	85.04	9.759999999999991	dynamic	Monotone decrease	core
NC_003888.3	613984	+	89.1	93.33	83.58	9.75	dynamic	Peak (T2 max)	arm
NC_003888.3	2344597	+	92.98	96.16	86.41	9.75	dynamic	Peak (T2 max)	core
NC_003888.3	5270934	-	93.7	94.97	85.23	9.739999999999995	dynamic	Peak (T2 max)	core
NC_003888.3	5766522	+	80.56	72.7	70.83	9.730000000000004	dynamic	Monotone decrease	core
NC_003888.3	961344	+	89.17	89.14	79.49	9.680000000000007	dynamic	Monotone decrease	arm
NC_003888.3	1543367	+	91.67	83.43	82.01	9.659999999999997	dynamic	Monotone decrease	core
NC_003888.3	1439599	-	96.67	90.36	100.0	9.64	dynamic	Valley (T2 min)	arm
NC_003888.3	6151852	-	95.24	90.26	85.64	9.599999999999994	dynamic	Monotone decrease	core
NC_003888.3	5910942	+	97.38	87.8	93.33	9.579999999999998	dynamic	Valley (T2 min)	core
NC_003888.3	4537891	+	89.86	88.89	80.3	9.560000000000002	dynamic	Monotone decrease	core
NC_003888.3	3514878	-	87.85	78.3	82.65	9.549999999999997	dynamic	Valley (T2 min)	core
NC_003888.3	2307801	-	97.11	91.38	87.59	9.519999999999996	dynamic	Monotone decrease	core
NC_003888.3	7777132	+	90.49	97.44	100.0	9.510000000000005	dynamic	Monotone increase	arm
NC_003888.3	3477870	+	80.71	74.61	71.23	9.47999999999999	dynamic	Monotone decrease	core
NC_003888.3	4298019	+	91.41	89.29	98.77	9.47999999999999	dynamic	Valley (T2 min)	core
NC_003888.3	4921519	+	71.58	62.11	64.96	9.469999999999999	dynamic	Valley (T2 min)	core
NC_003888.3	5290851	+	81.07	78.01	87.46	9.449999999999989	dynamic	Valley (T2 min)	core
NC_003888.3	1640571	+	62.03	67.14	57.71	9.43	dynamic	Peak (T2 max)	core
NC_003888.3	5721741	+	74.17	82.32	83.6	9.429999999999993	dynamic	Monotone increase	core
NC_003888.3	7066430	+	100.0	90.58	92.27	9.420000000000002	dynamic	Valley (T2 min)	core
NC_003888.3	3794027	-	93.5	84.09	88.94	9.409999999999997	dynamic	Valley (T2 min)	core
NC_003888.3	3252894	-	92.23	83.88	93.27	9.39	dynamic	Valley (T2 min)	core
NC_003888.3	4171561	-	96.83	91.37	87.45	9.379999999999995	dynamic	Monotone decrease	core
NC_003888.3	3725142	-	92.63	91.26	83.26	9.36999999999999	dynamic	Monotone decrease	core
NC_003888.3	1744614	+	88.68	91.24	98.04	9.36	dynamic	Monotone increase	core
NC_003888.3	3082963	-	86.67	93.3	83.94	9.36	dynamic	Peak (T2 max)	core
NC_003888.3	4552676	+	89.05	81.97	91.26	9.290000000000006	dynamic	Valley (T2 min)	core
NC_003888.3	6061468	+	85.9	76.62	82.55	9.280000000000001	dynamic	Valley (T2 min)	core
NC_003888.3	4008065	+	90.18	94.04	84.77	9.27000000000001	dynamic	Peak (T2 max)	core
NC_003888.3	4146883	-	92.44	83.21	85.52	9.230000000000004	dynamic	Valley (T2 min)	core
NC_003888.3	2743272	+	82.41	77.88	73.24	9.170000000000002	dynamic	Monotone decrease	core
NC_003888.3	1968495	-	84.57	81.99	91.11	9.120000000000005	dynamic	Valley (T2 min)	core
NC_003888.3	5377738	+	94.37	93.16	85.26	9.11	dynamic	Monotone decrease	core
NC_003888.3	6485562	+	88.52	97.62	95.24	9.100000000000009	dynamic	Peak (T2 max)	core
NC_003888.3	3803469	+	95.66	93.12	86.56	9.099999999999994	dynamic	Monotone decrease	core
NC_003888.3	3423184	+	89.3	89.07	80.21	9.090000000000003	dynamic	Monotone decrease	core
NC_003888.3	1650002	-	94.07	89.57	85.0	9.069999999999993	dynamic	Monotone decrease	core
NC_003888.3	3383766	-	85.95	87.27	95.01	9.060000000000002	dynamic	Monotone increase	core
NC_003888.3	3051337	+	100.0	90.95	97.1	9.049999999999997	dynamic	Valley (T2 min)	core
NC_003888.3	3819482	-	52.2	56.84	61.24	9.04	dynamic	Monotone increase	core
NC_003888.3	2104477	-	99.02	96.71	90.0	9.019999999999996	dynamic	Monotone decrease	core
NC_003888.3	2294401	+	89.55	98.55	95.24	9.0	dynamic	Peak (T2 max)	core
NC_003888.3	2413467	+	94.97	89.0	85.98	8.989999999999995	dynamic	Monotone decrease	core
NC_003888.3	5786901	+	55.05	60.94	64.03	8.980000000000004	dynamic	Monotone increase	core
NC_003888.3	4546147	+	82.15	89.67	91.11	8.959999999999994	dynamic	Monotone increase	core
NC_003888.3	4958009	+	74.05	66.1	75.0	8.900000000000006	dynamic	Valley (T2 min)	core
NC_003888.3	3520479	+	84.07	87.21	78.33	8.879999999999995	dynamic	Peak (T2 max)	core
NC_003888.3	5361112	+	88.31	83.4	79.44	8.870000000000005	dynamic	Monotone decrease	core
NC_003888.3	3781081	+	84.34	84.15	75.48	8.86	dynamic	Monotone decrease	core
NC_003888.3	3895130	+	85.9	80.05	88.89	8.840000000000003	dynamic	Valley (T2 min)	core
NC_003888.3	4753032	+	89.52	91.27	82.45	8.819999999999993	dynamic	Peak (T2 max)	core
NC_003888.3	2927962	-	90.99	85.26	94.08	8.819999999999993	dynamic	Valley (T2 min)	core
NC_003888.3	3270785	-	97.87	97.32	89.07	8.800000000000011	dynamic	Monotone decrease	core
NC_003888.3	2879925	+	65.39	56.65	61.81	8.740000000000002	dynamic	Valley (T2 min)	core
NC_003888.3	5177771	-	85.53	94.21	94.07	8.679999999999993	dynamic	Peak (T2 max)	core
NC_003888.3	1403019	+	94.44	85.76	93.67	8.679999999999993	dynamic	Valley (T2 min)	arm
NC_003888.3	1365143	+	67.92	66.04	59.25	8.670000000000002	dynamic	Monotone decrease	arm
NC_003888.3	4893770	-	88.84	84.14	92.78	8.64	dynamic	Valley (T2 min)	core
NC_003888.3	7174582	+	97.44	88.83	95.14	8.61	dynamic	Valley (T2 min)	arm
NC_003888.3	3401573	+	72.79	81.39	75.92	8.599999999999994	dynamic	Peak (T2 max)	core
NC_003888.3	6910043	-	93.64	89.66	85.05	8.590000000000003	dynamic	Monotone decrease	core
NC_003888.3	7043492	+	94.44	85.86	89.83	8.579999999999998	dynamic	Valley (T2 min)	core
NC_003888.3	1544968	+	96.37	87.86	88.36	8.510000000000005	dynamic	Valley (T2 min)	core
NC_003888.3	4821363	+	76.58	82.04	73.53	8.510000000000005	dynamic	Peak (T2 max)	core
NC_003888.3	1455106	-	85.55	94.04	85.83	8.490000000000009	dynamic	Peak (T2 max)	arm
NC_003888.3	3893627	-	92.0	91.51	100.0	8.489999999999995	dynamic	Valley (T2 min)	core
NC_003888.3	5012653	-	85.97	77.48	79.31	8.489999999999995	dynamic	Valley (T2 min)	core
NC_003888.3	3958937	+	54.6	63.07	55.47	8.469999999999999	dynamic	Peak (T2 max)	core
NC_003888.3	6430389	+	87.97	84.09	92.53	8.439999999999998	dynamic	Valley (T2 min)	core
NC_003888.3	3168458	+	80.71	72.3	79.42	8.409999999999997	dynamic	Valley (T2 min)	core
NC_003888.3	5816303	-	68.25	66.48	74.87	8.39	dynamic	Valley (T2 min)	core
NC_003888.3	2935051	-	69.63	63.81	61.24	8.389999999999993	dynamic	Monotone decrease	core
NC_003888.3	1671520	-	85.18	87.78	79.4	8.379999999999995	dynamic	Peak (T2 max)	core
NC_003888.3	7195860	+	85.16	77.45	76.8	8.36	dynamic	Monotone decrease	arm
NC_003888.3	7039604	-	66.91	75.26	67.86	8.350000000000009	dynamic	Peak (T2 max)	core
NC_003888.3	2667118	+	98.77	93.47	90.42	8.349999999999994	dynamic	Monotone decrease	core
NC_003888.3	4605549	-	82.13	79.28	73.79	8.33999999999999	dynamic	Monotone decrease	core
NC_003888.3	2020066	-	89.71	96.03	98.04	8.330000000000013	dynamic	Monotone increase	core
NC_003888.3	2473733	-	95.37	87.84	87.05	8.320000000000007	dynamic	Monotone decrease	core
NC_003888.3	7645243	+	92.49	91.12	84.17	8.319999999999993	dynamic	Monotone decrease	arm
NC_003888.3	7270262	+	94.44	86.14	92.46	8.299999999999997	dynamic	Valley (T2 min)	arm
NC_003888.3	4722563	+	85.64	78.69	86.97	8.280000000000001	dynamic	Valley (T2 min)	core
NC_003888.3	2329793	-	91.77	100.0	98.33	8.230000000000004	dynamic	Peak (T2 max)	core
NC_003888.3	4235818	+	94.34	89.5	86.11	8.230000000000004	dynamic	Monotone decrease	core
NC_003888.3	5031426	+	91.47	92.59	84.4	8.189999999999998	dynamic	Peak (T2 max)	core
NC_003888.3	6492334	-	68.25	69.14	61.0	8.14	dynamic	Peak (T2 max)	core
NC_003888.3	4236074	-	84.15	80.29	88.42	8.129999999999995	dynamic	Valley (T2 min)	core
NC_003888.3	5978789	+	82.46	82.12	90.25	8.129999999999995	dynamic	Valley (T2 min)	core
NC_003888.3	3692158	+	83.07	83.73	75.61	8.120000000000005	dynamic	Peak (T2 max)	core
NC_003888.3	2747022	+	85.95	94.07	89.63	8.11999999999999	dynamic	Peak (T2 max)	core
NC_003888.3	6583723	+	85.17	77.98	86.08	8.099999999999994	dynamic	Valley (T2 min)	core
NC_003888.3	1035686	-	91.9	84.72	92.8	8.079999999999998	dynamic	Valley (T2 min)	arm
NC_003888.3	6597313	+	83.97	92.02	84.44	8.049999999999997	dynamic	Peak (T2 max)	core
NC_003888.3	4329839	-	95.43	89.74	87.39	8.040000000000006	dynamic	Monotone decrease	core
NC_003888.3	5009698	-	89.95	92.96	84.92	8.039999999999992	dynamic	Peak (T2 max)	core
NC_003888.3	3530668	+	85.3	77.29	77.38	8.009999999999991	dynamic	Valley (T2 min)	core
NC_003888.3	4036934	-	98.85	90.85	98.04	8.0	dynamic	Valley (T2 min)	core
NC_003888.3	1486220	-	96.3	100.0	92.02	7.980000000000004	dynamic	Peak (T2 max)	arm
NC_003888.3	4375244	-	75.27	67.3	74.37	7.969999999999999	dynamic	Valley (T2 min)	core
NC_003888.3	5535159	+	74.3	82.27	80.56	7.969999999999999	dynamic	Peak (T2 max)	core
NC_003888.3	1320413	+	96.55	98.25	90.28	7.969999999999999	dynamic	Peak (T2 max)	arm
NC_003888.3	381782	-	92.86	100.0	92.06	7.939999999999998	dynamic	Peak (T2 max)	arm
NC_003888.3	4163455	+	89.85	97.78	90.88	7.930000000000007	dynamic	Peak (T2 max)	core
NC_003888.3	4271830	+	71.74	79.65	77.86	7.910000000000011	dynamic	Peak (T2 max)	core
NC_003888.3	2269438	+	89.39	81.48	88.36	7.909999999999997	dynamic	Valley (T2 min)	core
NC_003888.3	6681685	-	95.69	92.1	100.0	7.900000000000006	dynamic	Valley (T2 min)	core
NC_003888.3	7671741	+	96.3	94.35	88.4	7.8999999999999915	dynamic	Monotone decrease	arm
NC_003888.3	5655636	-	91.8	90.43	98.33	7.8999999999999915	dynamic	Valley (T2 min)	core
NC_003888.3	5066945	+	71.37	72.51	79.26	7.890000000000001	dynamic	Monotone increase	core
NC_003888.3	1974379	+	76.15	84.04	76.41	7.890000000000001	dynamic	Peak (T2 max)	core
NC_003888.3	2227901	+	93.83	100.0	92.13	7.8700000000000045	dynamic	Peak (T2 max)	core
NC_003888.3	6373388	+	64.42	62.08	56.58	7.840000000000003	dynamic	Monotone decrease	core
NC_003888.3	323419	-	81.87	78.69	86.51	7.820000000000007	dynamic	Valley (T2 min)	arm
NC_003888.3	5604974	+	95.26	92.96	87.45	7.810000000000002	dynamic	Monotone decrease	core
NC_003888.3	5342430	+	91.03	83.24	90.95	7.790000000000006	dynamic	Valley (T2 min)	core
NC_003888.3	2474379	+	91.25	95.22	87.45	7.769999999999996	dynamic	Peak (T2 max)	core
NC_003888.3	4879541	+	88.07	90.11	95.83	7.760000000000005	dynamic	Monotone increase	core
NC_003888.3	1760730	-	96.02	88.29	93.29	7.72999999999999	dynamic	Valley (T2 min)	core
NC_003888.3	4459814	+	92.09	89.29	84.39	7.700000000000003	dynamic	Monotone decrease	core
NC_003888.3	5226895	-	90.78	90.29	83.1	7.680000000000007	dynamic	Monotone decrease	core
NC_003888.3	7593848	+	94.41	86.73	92.31	7.679999999999993	dynamic	Valley (T2 min)	arm
NC_003888.3	5843408	+	61.14	66.76	68.81	7.670000000000002	dynamic	Monotone increase	core
NC_003888.3	3412086	-	89.87	82.48	90.14	7.659999999999997	dynamic	Valley (T2 min)	core
NC_003888.3	3354644	-	93.84	98.48	90.83	7.650000000000006	dynamic	Peak (T2 max)	core
NC_003888.3	6087244	+	79.67	87.32	80.61	7.6499999999999915	dynamic	Peak (T2 max)	core
NC_003888.3	3317882	-	88.54	96.18	90.46	7.640000000000001	dynamic	Peak (T2 max)	core
NC_003888.3	5143231	+	76.65	76.46	69.02	7.63000000000001	dynamic	Monotone decrease	core
NC_003888.3	6447373	+	91.77	90.34	84.14	7.6299999999999955	dynamic	Monotone decrease	core
NC_003888.3	1897024	-	100.0	95.86	92.39	7.609999999999999	dynamic	Monotone decrease	core
NC_003888.3	4542027	-	94.99	96.03	88.43	7.599999999999994	dynamic	Peak (T2 max)	core
NC_003888.3	3472992	+	93.7	88.29	86.11	7.590000000000003	dynamic	Monotone decrease	core
NC_003888.3	5430002	+	83.59	91.11	88.36	7.519999999999996	dynamic	Peak (T2 max)	core
NC_003888.3	3184329	+	92.54	85.03	86.11	7.510000000000005	dynamic	Valley (T2 min)	core
NC_003888.3	4898691	-	79.81	78.15	85.66	7.509999999999991	dynamic	Valley (T2 min)	core
NC_003888.3	4643825	-	65.36	59.4	66.89	7.490000000000002	dynamic	Valley (T2 min)	core
NC_003888.3	7413539	+	90.3	94.32	97.78	7.480000000000004	dynamic	Monotone increase	arm
NC_003888.3	4169425	+	97.03	89.68	97.16	7.47999999999999	dynamic	Valley (T2 min)	core
NC_003888.3	108750	+	89.56	91.51	84.04	7.469999999999999	dynamic	Peak (T2 max)	arm
NC_003888.3	6462222	-	76.68	71.45	78.91	7.459999999999994	dynamic	Valley (T2 min)	core
NC_003888.3	3163948	-	86.09	85.28	78.64	7.450000000000003	dynamic	Monotone decrease	core
NC_003888.3	2275208	+	95.6	93.38	88.16	7.439999999999998	dynamic	Monotone decrease	core
NC_003888.3	7585226	-	91.63	94.35	86.94	7.409999999999997	dynamic	Peak (T2 max)	arm
NC_003888.3	5523320	-	57.92	65.32	58.58	7.3999999999999915	dynamic	Peak (T2 max)	core
NC_003888.3	7064924	-	87.84	95.22	95.24	7.3999999999999915	dynamic	Monotone increase	core
NC_003888.3	2342799	+	75.02	67.62	68.89	7.3999999999999915	dynamic	Valley (T2 min)	core
NC_003888.3	7234307	+	96.3	97.22	89.83	7.390000000000001	dynamic	Peak (T2 max)	arm
NC_003888.3	8492391	+	90.41	88.5	95.87	7.3700000000000045	dynamic	Valley (T2 min)	arm
NC_003888.3	4993793	+	87.94	89.24	81.88	7.359999999999999	dynamic	Peak (T2 max)	core
NC_003888.3	2639916	+	73.17	67.86	75.19	7.329999999999998	dynamic	Valley (T2 min)	core
NC_003888.3	8484451	-	93.94	94.4	87.1	7.300000000000011	dynamic	Peak (T2 max)	arm
NC_003888.3	7396296	-	97.92	90.62	97.44	7.299999999999997	dynamic	Valley (T2 min)	arm
NC_003888.3	2311303	-	93.16	85.88	88.63	7.280000000000001	dynamic	Valley (T2 min)	core
NC_003888.3	4679588	-	80.37	87.62	82.98	7.25	dynamic	Peak (T2 max)	core
NC_003888.3	4671760	-	98.52	94.92	91.27	7.25	dynamic	Monotone decrease	core
NC_003888.3	3433860	-	81.08	76.65	73.85	7.230000000000004	dynamic	Monotone decrease	core
NC_003888.3	3386051	-	85.74	92.96	92.86	7.219999999999999	dynamic	Peak (T2 max)	core
NC_003888.3	1724992	-	92.45	91.09	85.24	7.210000000000008	dynamic	Monotone decrease	core
NC_003888.3	6266448	+	98.25	95.45	91.04	7.209999999999994	dynamic	Monotone decrease	core
NC_003888.3	5237083	+	90.7	97.9	94.02	7.200000000000003	dynamic	Peak (T2 max)	core
NC_003888.3	2634095	+	90.26	85.16	92.36	7.200000000000003	dynamic	Valley (T2 min)	core
NC_003888.3	2876660	-	86.6	89.96	82.78	7.179999999999993	dynamic	Peak (T2 max)	core
NC_003888.3	2269967	-	98.85	93.67	91.67	7.179999999999993	dynamic	Monotone decrease	core
NC_003888.3	2454759	-	84.97	92.12	91.73	7.150000000000006	dynamic	Peak (T2 max)	core
NC_003888.3	4422346	-	86.45	93.59	88.54	7.140000000000001	dynamic	Peak (T2 max)	core
NC_003888.3	8512369	-	100.0	98.41	92.86	7.140000000000001	dynamic	Monotone decrease	arm
NC_003888.3	2037299	-	91.89	88.43	95.56	7.1299999999999955	dynamic	Valley (T2 min)	core
NC_003888.3	2744648	+	91.21	98.33	95.58	7.1200000000000045	dynamic	Peak (T2 max)	core
NC_003888.3	1020345	-	90.12	97.22	95.66	7.099999999999994	dynamic	Peak (T2 max)	arm
NC_003888.3	6013010	-	87.64	88.34	81.27	7.070000000000007	dynamic	Peak (T2 max)	core
NC_003888.3	6733949	-	93.6	89.23	96.3	7.069999999999993	dynamic	Valley (T2 min)	core
NC_003888.3	2792757	-	98.77	91.73	97.78	7.039999999999992	dynamic	Valley (T2 min)	core
NC_003888.3	6785946	+	94.13	88.89	95.92	7.030000000000001	dynamic	Valley (T2 min)	core
NC_003888.3	4403190	-	92.65	88.33	95.35	7.019999999999996	dynamic	Valley (T2 min)	core
NC_003888.3	2942021	-	90.56	86.49	83.55	7.010000000000005	dynamic	Monotone decrease	core
NC_003888.3	4481933	+	78.7	85.42	78.44	6.980000000000004	dynamic	Peak (T2 max)	core
NC_003888.3	1258403	-	93.02	97.92	100.0	6.980000000000004	dynamic	Monotone increase	arm
NC_003888.3	6321511	+	87.56	87.84	94.54	6.980000000000004	dynamic	Monotone increase	core
NC_003888.3	1845486	+	91.7	93.15	86.19	6.960000000000008	dynamic	Peak (T2 max)	core
NC_003888.3	4640305	-	72.51	76.23	79.45	6.939999999999998	dynamic	Monotone increase	core
NC_003888.3	6332159	+	82.83	77.64	84.58	6.939999999999998	dynamic	Valley (T2 min)	core
NC_003888.3	4427746	-	81.44	78.22	74.52	6.920000000000002	dynamic	Monotone decrease	core
NC_003888.3	3013751	+	86.15	92.6	93.05	6.8999999999999915	dynamic	Monotone increase	core
NC_003888.3	2020725	-	95.45	88.56	94.44	6.890000000000001	dynamic	Valley (T2 min)	core
NC_003888.3	5792590	+	83.76	76.88	77.25	6.88000000000001	dynamic	Valley (T2 min)	core
NC_003888.3	2737866	-	94.61	91.16	98.04	6.88000000000001	dynamic	Valley (T2 min)	core
NC_003888.3	2543594	-	89.29	83.53	90.4	6.8700000000000045	dynamic	Valley (T2 min)	core
NC_003888.3	7573069	-	94.34	88.69	95.56	6.8700000000000045	dynamic	Valley (T2 min)	arm
NC_003888.3	3619980	+	80.51	84.07	77.21	6.859999999999999	dynamic	Peak (T2 max)	core
NC_003888.3	429275	+	98.67	91.81	94.82	6.859999999999999	dynamic	Valley (T2 min)	arm
NC_003888.3	2196102	+	97.78	93.02	90.95	6.829999999999998	dynamic	Monotone decrease	core
NC_003888.3	6742756	-	86.71	92.67	85.86	6.810000000000002	dynamic	Peak (T2 max)	core
NC_003888.3	7271782	+	83.64	83.25	90.03	6.780000000000001	dynamic	Valley (T2 min)	arm
NC_003888.3	3725896	+	70.4	64.33	63.65	6.750000000000007	dynamic	Monotone decrease	core
NC_003888.3	4335965	-	94.63	90.1	96.83	6.730000000000004	dynamic	Valley (T2 min)	core
NC_003888.3	8191210	-	90.77	90.72	97.44	6.719999999999999	dynamic	Valley (T2 min)	arm
NC_003888.3	7036618	-	84.02	90.72	85.34	6.700000000000003	dynamic	Peak (T2 max)	core
NC_003888.3	1682067	+	87.21	80.51	86.85	6.699999999999989	dynamic	Valley (T2 min)	core
NC_003888.3	1342816	-	90.61	84.63	91.32	6.689999999999998	dynamic	Valley (T2 min)	arm
NC_003888.3	5159802	+	88.86	95.54	92.03	6.680000000000007	dynamic	Peak (T2 max)	core
NC_003888.3	3067961	+	90.85	84.17	85.32	6.679999999999993	dynamic	Valley (T2 min)	core
NC_003888.3	1922223	-	77.89	84.56	82.65	6.670000000000002	dynamic	Peak (T2 max)	core
NC_003888.3	364738	-	94.66	87.99	92.15	6.670000000000002	dynamic	Valley (T2 min)	arm
NC_003888.3	3834514	-	59.38	52.73	53.06	6.650000000000006	dynamic	Valley (T2 min)	core
NC_003888.3	3958334	+	70.09	66.21	72.86	6.650000000000006	dynamic	Valley (T2 min)	core
NC_003888.3	6733964	-	98.72	95.67	92.1	6.6200000000000045	dynamic	Monotone decrease	core
NC_003888.3	4094150	-	78.65	72.12	72.03	6.6200000000000045	dynamic	Monotone decrease	core
NC_003888.3	5080972	+	91.33	84.73	89.35	6.599999999999994	dynamic	Valley (T2 min)	core
NC_003888.3	1763623	-	91.65	98.25	93.86	6.599999999999994	dynamic	Peak (T2 max)	core
NC_003888.3	4078056	-	89.37	94.47	87.95	6.519999999999996	dynamic	Peak (T2 max)	core
NC_003888.3	3278193	-	88.33	90.91	84.39	6.519999999999996	dynamic	Peak (T2 max)	core
NC_003888.3	7174792	+	100.0	96.3	93.49	6.510000000000005	dynamic	Monotone decrease	arm
NC_003888.3	5557809	+	85.56	79.06	84.39	6.5	dynamic	Valley (T2 min)	core
NC_003888.3	2793646	-	78.17	84.49	84.66	6.489999999999995	dynamic	Monotone increase	core
NC_003888.3	3037035	-	95.95	91.79	89.5	6.450000000000003	dynamic	Monotone decrease	core
NC_003888.3	1369369	-	89.17	95.58	91.87	6.409999999999997	dynamic	Peak (T2 max)	arm
NC_003888.3	6899442	-	93.8	89.42	95.83	6.409999999999997	dynamic	Valley (T2 min)	core
NC_003888.3	4256467	+	87.69	87.6	94.0	6.400000000000006	dynamic	Valley (T2 min)	core
NC_003888.3	7647609	+	100.0	98.72	93.61	6.390000000000001	dynamic	Monotone decrease	arm
NC_003888.3	5188414	+	79.6	79.26	85.64	6.3799999999999955	dynamic	Valley (T2 min)	core
NC_003888.3	86222	+	98.04	96.76	91.67	6.3700000000000045	dynamic	Monotone decrease	arm
NC_003888.3	683994	-	91.41	97.78	92.91	6.3700000000000045	dynamic	Peak (T2 max)	arm
NC_003888.3	4123877	-	91.73	86.32	92.67	6.3500000000000085	dynamic	Valley (T2 min)	core
NC_003888.3	4902301	-	80.73	87.08	84.07	6.349999999999994	dynamic	Peak (T2 max)	core
NC_003888.3	4776318	+	84.7	88.49	91.05	6.349999999999994	dynamic	Monotone increase	core
NC_003888.3	3310391	+	87.86	87.4	81.55	6.310000000000002	dynamic	Monotone decrease	core
NC_003888.3	7566272	+	78.41	83.31	84.72	6.310000000000002	dynamic	Monotone increase	arm
NC_003888.3	5749297	-	83.62	77.5	77.32	6.300000000000011	dynamic	Monotone decrease	core
NC_003888.3	2211642	-	87.01	93.22	86.92	6.299999999999997	dynamic	Peak (T2 max)	core
NC_003888.3	5959764	-	85.38	91.67	91.53	6.290000000000006	dynamic	Peak (T2 max)	core
NC_003888.3	2274531	-	94.03	98.55	92.27	6.280000000000001	dynamic	Peak (T2 max)	core
NC_003888.3	6152005	-	88.05	85.83	92.1	6.269999999999996	dynamic	Valley (T2 min)	core
NC_003888.3	5016405	-	86.53	80.97	87.23	6.260000000000005	dynamic	Valley (T2 min)	core
NC_003888.3	4162333	-	80.77	78.67	84.92	6.25	dynamic	Valley (T2 min)	core
NC_003888.3	140453	+	76.59	82.84	77.68	6.25	dynamic	Peak (T2 max)	arm
NC_003888.3	3477141	+	96.92	97.33	91.08	6.25	dynamic	Peak (T2 max)	core
NC_003888.3	7238591	-	87.95	94.11	89.75	6.159999999999997	dynamic	Peak (T2 max)	arm
NC_003888.3	5971707	+	94.11	96.52	90.37	6.1499999999999915	dynamic	Peak (T2 max)	core
NC_003888.3	5387333	-	96.96	90.82	96.02	6.140000000000001	dynamic	Valley (T2 min)	core
NC_003888.3	2934310	+	89.94	92.32	96.08	6.140000000000001	dynamic	Monotone increase	core
NC_003888.3	1123645	-	97.92	91.78	94.44	6.140000000000001	dynamic	Valley (T2 min)	arm
NC_003888.3	7102150	-	95.83	93.88	100.0	6.1200000000000045	dynamic	Valley (T2 min)	core
NC_003888.3	4967484	+	77.24	76.14	82.24	6.099999999999994	dynamic	Valley (T2 min)	core
NC_003888.3	6744587	-	100.0	94.12	93.94	6.060000000000002	dynamic	Monotone decrease	core
NC_003888.3	3693989	+	86.13	80.07	82.52	6.060000000000002	dynamic	Valley (T2 min)	core
NC_003888.3	3340217	-	96.33	90.29	90.41	6.039999999999992	dynamic	Valley (T2 min)	core
NC_003888.3	6968874	-	81.03	85.58	87.06	6.030000000000001	dynamic	Monotone increase	core
NC_003888.3	6818985	-	87.57	81.55	83.81	6.019999999999996	dynamic	Valley (T2 min)	core
NC_003888.3	1661465	-	80.0	73.99	78.7	6.010000000000005	dynamic	Valley (T2 min)	core
NC_003888.3	4392179	+	80.11	84.89	86.09	5.980000000000004	dynamic	Monotone increase	core
NC_003888.3	7174480	+	100.0	94.03	95.83	5.969999999999999	dynamic	Valley (T2 min)	arm
NC_003888.3	5176700	-	94.71	88.88	94.84	5.960000000000008	dynamic	Valley (T2 min)	core
NC_003888.3	2543375	-	94.27	88.33	89.41	5.939999999999998	dynamic	Valley (T2 min)	core
NC_003888.3	1864750	+	95.06	90.0	89.15	5.909999999999997	dynamic	Monotone decrease	core
NC_003888.3	304667	-	89.1	90.22	95.0	5.900000000000006	dynamic	Monotone increase	arm
NC_003888.3	5839628	+	86.08	91.33	85.43	5.8999999999999915	dynamic	Peak (T2 max)	core
NC_003888.3	4662519	+	98.1	92.22	94.54	5.8799999999999955	dynamic	Valley (T2 min)	core
NC_003888.3	2543552	-	92.78	90.95	96.83	5.8799999999999955	dynamic	Valley (T2 min)	core
NC_003888.3	241148	-	94.12	100.0	94.6	5.8799999999999955	dynamic	Peak (T2 max)	arm
NC_003888.3	1668039	-	85.35	83.18	89.04	5.859999999999999	dynamic	Valley (T2 min)	core
NC_003888.3	2544743	+	61.89	56.04	58.13	5.850000000000001	dynamic	Valley (T2 min)	core
NC_003888.3	335038	+	93.52	93.32	87.67	5.849999999999994	dynamic	Monotone decrease	arm
NC_003888.3	8229706	-	88.89	94.74	94.37	5.849999999999994	dynamic	Peak (T2 max)	arm
NC_003888.3	6525145	+	94.16	97.34	100.0	5.840000000000003	dynamic	Monotone increase	core
NC_003888.3	3932051	-	89.05	86.69	92.53	5.840000000000003	dynamic	Valley (T2 min)	core
NC_003888.3	4819158	+	96.05	94.16	100.0	5.840000000000003	dynamic	Valley (T2 min)	core
NC_003888.3	4654034	+	76.95	80.16	82.78	5.829999999999998	dynamic	Monotone increase	core
NC_003888.3	3140842	+	95.25	91.91	89.43	5.819999999999993	dynamic	Monotone decrease	core
NC_003888.3	6281057	+	85.17	79.39	85.12	5.780000000000001	dynamic	Valley (T2 min)	core
NC_003888.3	1195812	-	57.67	51.92	53.47	5.75	dynamic	Valley (T2 min)	arm
NC_003888.3	5062205	+	89.39	91.93	86.19	5.740000000000009	dynamic	Peak (T2 max)	core
NC_003888.3	5810024	+	85.21	90.95	87.36	5.740000000000009	dynamic	Peak (T2 max)	core
NC_003888.3	3773667	-	90.25	87.37	84.51	5.739999999999995	dynamic	Monotone decrease	core
NC_003888.3	7272696	+	85.93	91.67	91.07	5.739999999999995	dynamic	Peak (T2 max)	arm
NC_003888.3	1337911	-	87.59	90.85	93.33	5.739999999999995	dynamic	Monotone increase	arm
NC_003888.3	2906252	-	94.27	100.0	95.83	5.730000000000004	dynamic	Peak (T2 max)	core
NC_003888.3	3307899	+	86.1	87.1	81.37	5.72999999999999	dynamic	Peak (T2 max)	core
NC_003888.3	7356385	-	91.85	94.58	88.86	5.719999999999999	dynamic	Peak (T2 max)	arm
NC_003888.3	7627883	+	93.27	88.3	94.0	5.700000000000003	dynamic	Valley (T2 min)	arm
NC_003888.3	4989251	+	81.0	86.68	86.03	5.680000000000007	dynamic	Peak (T2 max)	core
NC_003888.3	3783905	+	78.78	73.12	75.94	5.659999999999997	dynamic	Valley (T2 min)	core
NC_003888.3	2432011	+	100.0	98.81	94.36	5.640000000000001	dynamic	Monotone decrease	core
NC_003888.3	7565023	+	81.51	76.84	82.45	5.609999999999999	dynamic	Valley (T2 min)	arm
NC_003888.3	3602098	-	85.84	88.32	82.71	5.609999999999999	dynamic	Peak (T2 max)	core
NC_003888.3	6362850	-	77.58	83.15	78.85	5.570000000000007	dynamic	Peak (T2 max)	core
NC_003888.3	1891961	-	81.25	86.81	84.07	5.560000000000002	dynamic	Peak (T2 max)	core
NC_003888.3	901669	-	100.0	96.73	94.44	5.560000000000002	dynamic	Monotone decrease	arm
NC_003888.3	8434867	-	94.44	98.48	100.0	5.560000000000002	dynamic	Monotone increase	arm
NC_003888.3	1614758	+	91.37	90.3	95.83	5.530000000000001	dynamic	Valley (T2 min)	core
NC_003888.3	3986843	+	80.52	78.21	75.0	5.519999999999996	dynamic	Monotone decrease	core
NC_003888.3	5662284	-	97.96	92.45	92.5	5.509999999999991	dynamic	Valley (T2 min)	core
NC_003888.3	4292161	+	73.09	78.57	75.24	5.47999999999999	dynamic	Peak (T2 max)	core
NC_003888.3	4027485	-	86.35	80.87	83.57	5.47999999999999	dynamic	Valley (T2 min)	core
NC_003888.3	4698888	-	90.63	96.07	91.38	5.439999999999998	dynamic	Peak (T2 max)	core
NC_003888.3	3795607	+	97.98	92.6	94.63	5.38000000000001	dynamic	Valley (T2 min)	core
NC_003888.3	3919615	-	87.9	89.66	84.29	5.36999999999999	dynamic	Peak (T2 max)	core
NC_003888.3	3685263	-	60.9	65.02	66.26	5.3600000000000065	dynamic	Monotone increase	core
NC_003888.3	3097001	+	86.38	88.13	82.78	5.349999999999994	dynamic	Peak (T2 max)	core
NC_003888.3	5476668	+	93.21	93.36	88.04	5.319999999999993	dynamic	Peak (T2 max)	core
NC_003888.3	2668477	-	95.81	94.7	100.0	5.299999999999997	dynamic	Valley (T2 min)	core
NC_003888.3	1386475	+	91.83	91.41	86.53	5.299999999999997	dynamic	Monotone decrease	arm
NC_003888.3	3991928	+	77.52	78.38	73.1	5.280000000000001	dynamic	Peak (T2 max)	core
NC_003888.3	3670927	-	92.76	98.04	95.11	5.280000000000001	dynamic	Peak (T2 max)	core
NC_003888.3	3539825	-	83.43	81.02	78.2	5.230000000000004	dynamic	Monotone decrease	core
NC_003888.3	7198374	-	95.47	91.81	90.24	5.230000000000004	dynamic	Monotone decrease	arm
NC_003888.3	6280046	+	68.3	63.09	65.21	5.209999999999994	dynamic	Valley (T2 min)	core
NC_003888.3	5210454	-	90.08	84.87	90.0	5.209999999999994	dynamic	Valley (T2 min)	core
NC_003888.3	5766822	-	87.99	91.1	93.18	5.190000000000012	dynamic	Monotone increase	core
NC_003888.3	6904461	+	73.26	75.63	78.45	5.189999999999998	dynamic	Monotone increase	core
NC_003888.3	6015609	-	91.86	96.96	97.03	5.170000000000002	dynamic	Monotone increase	core
NC_003888.3	5411479	+	83.8	78.63	82.97	5.170000000000002	dynamic	Valley (T2 min)	core
NC_003888.3	1729534	-	92.96	89.84	95.0	5.159999999999997	dynamic	Valley (T2 min)	core
NC_003888.3	1468250	-	81.3	82.48	77.35	5.13000000000001	dynamic	Peak (T2 max)	arm
NC_003888.3	7688006	-	95.0	94.87	100.0	5.1299999999999955	dynamic	Valley (T2 min)	arm
NC_003888.3	3233570	-	89.8	88.38	93.49	5.109999999999999	dynamic	Valley (T2 min)	core
NC_003888.3	4729648	+	87.32	82.21	85.68	5.109999999999999	dynamic	Valley (T2 min)	core
NC_003888.3	5421522	+	91.87	91.11	86.78	5.090000000000003	dynamic	Monotone decrease	core
NC_003888.3	6662904	-	96.45	96.67	91.58	5.090000000000003	dynamic	Peak (T2 max)	core
NC_003888.3	5708906	-	97.56	92.48	93.64	5.079999999999998	dynamic	Valley (T2 min)	core
NC_003888.3	6753712	-	91.01	96.08	93.07	5.069999999999993	dynamic	Peak (T2 max)	core
NC_003888.3	5929295	+	93.86	93.49	98.55	5.060000000000002	dynamic	Valley (T2 min)	core
NC_003888.3	2307759	-	88.41	93.45	88.81	5.040000000000006	dynamic	Peak (T2 max)	core
NC_003888.3	203228	-	96.97	91.95	94.58	5.019999999999996	dynamic	Valley (T2 min)	arm
NC_003888.3	1456612	-	87.71	88.33	83.33	5.0	dynamic	Peak (T2 max)	arm
NC_003888.3	4449475	+	88.01	83.01	86.07	5.0	dynamic	Valley (T2 min)	core
NC_003888.3	7365285	-	90.47	95.47	93.27	5.0	dynamic	Peak (T2 max)	arm
NC_003888.3	2039688	-	95.81	92.45	97.44	4.989999999999995	dynamic	Valley (T2 min)	core
NC_003888.3	5951205	+	98.55	98.55	93.57	4.980000000000004	dynamic	Other	core
NC_003888.3	3639865	+	74.52	72.88	69.54	4.97999999999999	dynamic	Monotone decrease	core
NC_003888.3	3696485	+	83.12	84.03	88.08	4.959999999999994	dynamic	Monotone increase	core
NC_003888.3	4494506	+	85.75	80.79	82.78	4.959999999999994	dynamic	Valley (T2 min)	core
NC_003888.3	2919098	-	79.78	79.17	84.12	4.950000000000003	dynamic	Valley (T2 min)	core
NC_003888.3	6089200	+	95.56	94.71	90.61	4.950000000000003	dynamic	Monotone decrease	core
NC_003888.3	7874137	-	93.61	97.78	98.55	4.939999999999998	dynamic	Monotone increase	arm
NC_003888.3	4209237	+	91.78	95.0	96.67	4.890000000000001	dynamic	Monotone increase	core
NC_003888.3	4630506	-	93.02	92.06	88.14	4.8799999999999955	dynamic	Monotone decrease	core
NC_003888.3	1593629	+	70.72	70.8	75.56	4.840000000000003	dynamic	Monotone increase	core
NC_003888.3	3141094	+	89.29	91.48	86.64	4.840000000000003	dynamic	Peak (T2 max)	core
NC_003888.3	4527258	-	85.28	84.85	89.69	4.840000000000003	dynamic	Valley (T2 min)	core
NC_003888.3	3305529	-	60.88	57.38	62.22	4.839999999999996	dynamic	Valley (T2 min)	core
NC_003888.3	3417037	-	88.96	86.56	84.13	4.829999999999998	dynamic	Monotone decrease	core
NC_003888.3	5713734	+	81.3	81.48	86.11	4.810000000000002	dynamic	Monotone increase	core
NC_003888.3	7497753	-	97.78	94.97	93.01	4.769999999999996	dynamic	Monotone decrease	arm
NC_003888.3	5924583	+	86.6	87.95	83.18	4.769999999999996	dynamic	Peak (T2 max)	core
NC_003888.3	476881	-	97.78	95.0	93.04	4.739999999999995	dynamic	Monotone decrease	arm
NC_003888.3	3658730	-	95.57	98.04	93.32	4.720000000000013	dynamic	Peak (T2 max)	core
NC_003888.3	2547347	+	81.57	79.05	83.76	4.710000000000008	dynamic	Valley (T2 min)	core
NC_003888.3	8645065	+	100.0	95.29	99.07	4.709999999999994	dynamic	Valley (T2 min)	arm
NC_003888.3	4700315	-	82.49	79.06	77.81	4.679999999999993	dynamic	Monotone decrease	core
NC_003888.3	2274821	+	89.91	92.07	94.58	4.670000000000002	dynamic	Monotone increase	core
NC_003888.3	3716228	+	94.31	90.2	94.84	4.640000000000001	dynamic	Valley (T2 min)	core
NC_003888.3	2270080	+	86.62	86.5	81.99	4.63000000000001	dynamic	Monotone decrease	core
NC_003888.3	4770929	-	91.2	93.27	95.83	4.6299999999999955	dynamic	Monotone increase	core
NC_003888.3	6017039	-	80.28	84.9	83.52	4.6200000000000045	dynamic	Peak (T2 max)	core
NC_003888.3	3223037	+	92.78	89.84	88.22	4.560000000000002	dynamic	Monotone decrease	core
NC_003888.3	2884771	+	87.66	92.2	88.67	4.540000000000006	dynamic	Peak (T2 max)	core
NC_003888.3	3764466	-	84.63	89.13	84.72	4.5	dynamic	Peak (T2 max)	core
NC_003888.3	5261558	+	99.05	94.59	97.92	4.459999999999994	dynamic	Valley (T2 min)	core
NC_003888.3	6222485	+	94.37	98.81	96.67	4.439999999999998	dynamic	Peak (T2 max)	core
NC_003888.3	5359887	-	90.72	89.33	93.75	4.420000000000002	dynamic	Valley (T2 min)	core
NC_003888.3	3892534	-	91.53	88.37	92.78	4.409999999999997	dynamic	Valley (T2 min)	core
NC_003888.3	6242795	+	90.96	95.14	95.35	4.390000000000001	dynamic	Monotone increase	core
NC_003888.3	5959763	+	94.95	90.57	94.91	4.38000000000001	dynamic	Valley (T2 min)	core
NC_003888.3	3960646	-	92.59	88.74	93.11	4.3700000000000045	dynamic	Valley (T2 min)	core
NC_003888.3	3932448	-	84.45	88.82	86.55	4.36999999999999	dynamic	Peak (T2 max)	core
NC_003888.3	5466073	-	63.81	59.47	60.56	4.340000000000003	dynamic	Valley (T2 min)	core
NC_003888.3	7394962	+	67.87	71.06	66.73	4.329999999999998	dynamic	Peak (T2 max)	arm
NC_003888.3	6940097	+	90.64	86.33	87.89	4.310000000000002	dynamic	Valley (T2 min)	core
NC_003888.3	3769553	+	82.04	77.73	79.0	4.310000000000002	dynamic	Valley (T2 min)	core
NC_003888.3	2150144	+	85.22	85.4	89.52	4.299999999999997	dynamic	Monotone increase	core
NC_003888.3	2494983	+	93.01	91.54	95.83	4.289999999999992	dynamic	Valley (T2 min)	core
NC_003888.3	3050855	-	72.31	76.59	73.43	4.280000000000001	dynamic	Peak (T2 max)	core
NC_003888.3	4258398	-	54.47	50.27	54.51	4.239999999999995	dynamic	Valley (T2 min)	core
NC_003888.3	5825528	-	91.11	86.9	91.14	4.239999999999995	dynamic	Valley (T2 min)	core
NC_003888.3	976908	-	94.44	98.33	94.1	4.230000000000004	dynamic	Peak (T2 max)	arm
NC_003888.3	2222677	+	92.95	88.72	89.23	4.230000000000004	dynamic	Valley (T2 min)	core
NC_003888.3	1713976	+	97.62	93.4	94.12	4.219999999999999	dynamic	Valley (T2 min)	core
NC_003888.3	717308	-	86.12	82.1	86.32	4.219999999999999	dynamic	Valley (T2 min)	arm
NC_003888.3	7024849	-	90.2	89.29	85.99	4.210000000000008	dynamic	Monotone decrease	core
NC_003888.3	7014680	-	96.97	92.79	95.24	4.179999999999993	dynamic	Valley (T2 min)	core
NC_003888.3	3507160	-	97.18	94.05	93.01	4.170000000000002	dynamic	Monotone decrease	core
NC_003888.3	1064592	+	85.28	81.11	84.12	4.170000000000002	dynamic	Valley (T2 min)	arm
NC_003888.3	2354773	+	91.04	95.21	94.41	4.1699999999999875	dynamic	Peak (T2 max)	core
NC_003888.3	1852903	+	82.08	78.76	77.96	4.1200000000000045	dynamic	Monotone decrease	core
NC_003888.3	7865009	+	92.59	92.36	88.47	4.1200000000000045	dynamic	Monotone decrease	arm
NC_003888.3	2063526	+	95.48	92.86	96.97	4.109999999999999	dynamic	Valley (T2 min)	core
NC_003888.3	2350889	-	92.15	94.84	90.74	4.1000000000000085	dynamic	Peak (T2 max)	core
NC_003888.3	2527745	-	92.82	90.05	94.12	4.070000000000007	dynamic	Valley (T2 min)	core
NC_003888.3	4305875	-	93.05	92.44	88.98	4.069999999999993	dynamic	Monotone decrease	core
NC_003888.3	4280538	-	78.17	77.97	74.11	4.060000000000002	dynamic	Monotone decrease	core
NC_003888.3	7204493	-	98.15	95.48	94.1	4.050000000000011	dynamic	Monotone decrease	arm
NC_003888.3	3928586	-	91.97	91.29	95.3	4.009999999999991	dynamic	Valley (T2 min)	core
NC_003888.3	743049	-	96.97	97.92	93.94	3.980000000000004	dynamic	Peak (T2 max)	arm
NC_003888.3	2598901	-	97.85	93.87	94.27	3.9799999999999898	dynamic	Valley (T2 min)	core
NC_003888.3	4170469	+	93.95	90.1	94.07	3.969999999999999	dynamic	Valley (T2 min)	core
NC_003888.3	6208628	+	99.02	95.07	96.08	3.950000000000003	dynamic	Valley (T2 min)	core
NC_003888.3	3168474	+	65.33	63.28	67.23	3.950000000000003	dynamic	Valley (T2 min)	core
NC_003888.3	139070	+	91.11	88.92	92.86	3.9399999999999977	dynamic	Valley (T2 min)	arm
NC_003888.3	6117485	-	72.19	76.12	75.01	3.930000000000007	dynamic	Peak (T2 max)	core
NC_003888.3	2395652	-	96.96	93.03	93.33	3.9299999999999926	dynamic	Valley (T2 min)	core
NC_003888.3	4150242	-	90.96	92.65	88.73	3.9200000000000017	dynamic	Peak (T2 max)	core
NC_003888.3	1879101	-	84.43	86.67	88.35	3.9199999999999875	dynamic	Monotone increase	core
NC_003888.3	4428571	-	89.37	87.9	85.47	3.9000000000000057	dynamic	Monotone decrease	core
NC_003888.3	1446658	-	96.1	100.0	98.41	3.9000000000000057	dynamic	Peak (T2 max)	arm
NC_003888.3	2768445	-	99.12	95.24	95.54	3.8800000000000097	dynamic	Valley (T2 min)	core
NC_003888.3	6480961	-	96.13	100.0	98.48	3.8700000000000045	dynamic	Peak (T2 max)	core
NC_003888.3	3276195	-	96.3	93.0	92.44	3.8599999999999994	dynamic	Monotone decrease	core
NC_003888.3	6164387	-	88.94	86.71	85.09	3.8499999999999943	dynamic	Monotone decrease	core
NC_003888.3	4171755	+	97.96	94.97	98.81	3.8400000000000034	dynamic	Valley (T2 min)	core
NC_003888.3	5334083	-	82.74	86.54	82.71	3.8300000000000125	dynamic	Peak (T2 max)	core
NC_003888.3	3979155	-	91.96	88.14	89.23	3.819999999999993	dynamic	Valley (T2 min)	core
NC_003888.3	6496815	-	93.49	93.29	89.67	3.819999999999993	dynamic	Monotone decrease	core
NC_003888.3	7035262	-	67.21	64.78	68.6	3.819999999999993	dynamic	Valley (T2 min)	core
NC_003888.3	3404475	+	91.18	90.85	94.64	3.7900000000000063	dynamic	Valley (T2 min)	core
NC_003888.3	6417733	+	92.41	90.65	94.44	3.789999999999992	dynamic	Valley (T2 min)	core
NC_003888.3	7931714	-	90.58	93.57	94.34	3.760000000000005	dynamic	Monotone increase	arm
NC_003888.3	4378392	+	89.62	88.33	85.86	3.760000000000005	dynamic	Monotone decrease	core
NC_003888.3	5458898	+	90.22	87.6	91.36	3.760000000000005	dynamic	Valley (T2 min)	core
NC_003888.3	3492878	+	91.67	89.58	93.33	3.75	dynamic	Valley (T2 min)	core
NC_003888.3	4832676	+	80.13	83.2	79.47	3.730000000000004	dynamic	Peak (T2 max)	core
NC_003888.3	7437589	+	91.85	91.37	88.13	3.719999999999999	dynamic	Monotone decrease	arm
NC_003888.3	2961070	-	71.56	69.48	73.2	3.719999999999999	dynamic	Valley (T2 min)	core
NC_003888.3	7586424	-	96.97	97.44	93.73	3.7099999999999937	dynamic	Peak (T2 max)	arm
NC_003888.3	242078	-	92.16	93.33	95.83	3.6700000000000017	dynamic	Monotone increase	arm
NC_003888.3	4254362	-	97.65	97.92	94.26	3.6599999999999966	dynamic	Peak (T2 max)	core
NC_003888.3	3789808	-	87.23	83.58	86.35	3.6500000000000057	dynamic	Valley (T2 min)	core
NC_003888.3	1724336	-	92.53	88.89	92.31	3.6400000000000006	dynamic	Valley (T2 min)	core
NC_003888.3	5218898	+	81.87	78.24	79.05	3.6300000000000097	dynamic	Valley (T2 min)	core
NC_003888.3	4257263	-	97.11	94.17	93.49	3.6200000000000045	dynamic	Monotone decrease	core
NC_003888.3	6037485	-	85.8	86.61	89.4	3.6000000000000085	dynamic	Monotone increase	core
NC_003888.3	3483724	-	89.04	91.39	92.62	3.5799999999999983	dynamic	Monotone increase	core
NC_003888.3	3943209	-	87.0	86.14	83.44	3.5600000000000023	dynamic	Monotone decrease	core
NC_003888.3	5821296	+	97.62	94.61	98.15	3.5400000000000063	dynamic	Valley (T2 min)	core
NC_003888.3	1987510	-	97.1	93.57	95.56	3.530000000000001	dynamic	Valley (T2 min)	core
NC_003888.3	7454133	-	86.67	83.15	84.45	3.519999999999996	dynamic	Valley (T2 min)	arm
NC_003888.3	4325087	+	93.78	91.43	94.92	3.489999999999995	dynamic	Valley (T2 min)	core
NC_003888.3	995973	-	93.75	96.26	97.22	3.469999999999999	dynamic	Monotone increase	arm
NC_003888.3	6130929	+	86.83	83.36	85.15	3.469999999999999	dynamic	Valley (T2 min)	core
NC_003888.3	4058157	+	86.6	89.28	90.05	3.450000000000003	dynamic	Monotone increase	core
NC_003888.3	6320323	-	86.76	86.33	83.31	3.450000000000003	dynamic	Monotone decrease	core
NC_003888.3	7399919	-	88.38	84.94	86.79	3.4399999999999977	dynamic	Valley (T2 min)	arm
NC_003888.3	5006857	+	87.85	85.51	88.89	3.3799999999999955	dynamic	Valley (T2 min)	core
NC_003888.3	3817306	+	93.73	90.36	92.11	3.3700000000000045	dynamic	Valley (T2 min)	core
NC_003888.3	3698585	+	95.48	92.12	93.77	3.3599999999999994	dynamic	Valley (T2 min)	core
NC_003888.3	1369633	+	90.0	89.21	86.65	3.3499999999999943	dynamic	Monotone decrease	arm
NC_003888.3	6744548	-	89.41	86.49	86.08	3.3299999999999983	dynamic	Monotone decrease	core
NC_003888.3	5452717	-	92.87	95.22	91.91	3.3100000000000023	dynamic	Peak (T2 max)	core
NC_003888.3	5421583	-	84.06	82.52	80.75	3.3100000000000023	dynamic	Monotone decrease	core
NC_003888.3	5892835	-	90.58	93.87	91.51	3.2900000000000063	dynamic	Peak (T2 max)	core
NC_003888.3	3743216	+	91.85	91.39	88.57	3.280000000000001	dynamic	Monotone decrease	core
NC_003888.3	7656770	-	95.56	93.02	96.3	3.280000000000001	dynamic	Valley (T2 min)	arm
NC_003888.3	3638106	-	95.95	92.68	94.74	3.269999999999996	dynamic	Valley (T2 min)	core
NC_003888.3	6957138	-	92.27	89.26	92.53	3.269999999999996	dynamic	Valley (T2 min)	core
NC_003888.3	1407732	+	100.0	96.73	100.0	3.269999999999996	dynamic	Valley (T2 min)	arm
NC_003888.3	982073	+	97.44	94.17	97.22	3.269999999999996	dynamic	Valley (T2 min)	arm
NC_003888.3	3967325	+	85.57	83.72	86.99	3.269999999999996	dynamic	Valley (T2 min)	core
NC_003888.3	5605492	-	95.35	98.61	97.22	3.260000000000005	dynamic	Peak (T2 max)	core
NC_003888.3	2241019	+	91.83	92.95	89.71	3.240000000000009	dynamic	Peak (T2 max)	core
NC_003888.3	4432789	+	60.99	58.16	57.78	3.210000000000001	dynamic	Monotone decrease	core
NC_003888.3	6721869	+	86.79	86.23	89.44	3.2099999999999937	dynamic	Valley (T2 min)	core
NC_003888.3	5716241	+	90.53	93.72	91.32	3.1899999999999977	dynamic	Peak (T2 max)	core
NC_003888.3	4372549	-	65.4	65.16	68.35	3.1899999999999977	dynamic	Valley (T2 min)	core
NC_003888.3	1680069	-	100.0	96.83	96.97	3.1700000000000017	dynamic	Valley (T2 min)	core
NC_003888.3	5077215	+	90.38	87.28	87.21	3.1700000000000017	dynamic	Monotone decrease	core
NC_003888.3	6044372	+	73.21	71.47	70.05	3.1599999999999966	dynamic	Monotone decrease	core
NC_003888.3	5281105	+	93.64	95.47	92.32	3.1500000000000057	dynamic	Peak (T2 max)	core
NC_003888.3	5466826	+	79.44	81.93	78.85	3.0800000000000125	dynamic	Peak (T2 max)	core
NC_003888.3	3367956	-	99.38	96.31	96.3	3.0799999999999983	dynamic	Monotone decrease	core
NC_003888.3	6219951	+	97.78	95.39	94.72	3.0600000000000023	dynamic	Monotone decrease	core
NC_003888.3	5847516	-	94.31	91.84	91.26	3.049999999999997	dynamic	Monotone decrease	core
NC_003888.3	1680671	-	93.61	94.45	91.41	3.0400000000000063	dynamic	Peak (T2 max)	core
NC_003888.3	4947817	+	91.51	90.04	93.08	3.039999999999992	dynamic	Valley (T2 min)	core
NC_003888.3	5979875	+	95.24	92.3	92.22	3.019999999999996	dynamic	Monotone decrease	core
NC_003888.3	4712226	+	56.04	58.89	59.04	3.0	dynamic	Monotone increase	core
NC_003888.3	6616193	-	91.07	91.13	94.07	3.0	dynamic	Monotone increase	core
NC_003888.3	1844221	-	91.9	88.91	91.01	2.990000000000009	dynamic	Valley (T2 min)	core
NC_003888.3	4840914	-	91.63	94.6	92.06	2.969999999999999	dynamic	Peak (T2 max)	core
NC_003888.3	2753511	-	92.04	92.53	89.56	2.969999999999999	dynamic	Peak (T2 max)	core
NC_003888.3	3949775	+	92.17	95.11	93.94	2.9399999999999977	dynamic	Peak (T2 max)	core
NC_003888.3	1214206	+	68.33	71.27	68.59	2.9399999999999977	dynamic	Peak (T2 max)	arm
NC_003888.3	4625639	+	88.33	91.21	88.67	2.8799999999999955	dynamic	Peak (T2 max)	core
NC_003888.3	5144880	+	89.27	89.13	91.98	2.8500000000000085	dynamic	Valley (T2 min)	core
NC_003888.3	5815814	-	92.22	90.7	93.55	2.8499999999999943	dynamic	Valley (T2 min)	core
NC_003888.3	5839044	+	89.47	92.31	89.86	2.8400000000000034	dynamic	Peak (T2 max)	core
NC_003888.3	4640304	+	89.32	88.57	86.51	2.809999999999988	dynamic	Monotone decrease	core
NC_003888.3	6464772	-	73.31	75.4	76.11	2.799999999999997	dynamic	Monotone increase	core
NC_003888.3	8123892	-	72.01	73.37	74.8	2.789999999999992	dynamic	Monotone increase	arm
NC_003888.3	4004137	+	89.44	91.08	92.22	2.780000000000001	dynamic	Monotone increase	core
NC_003888.3	4733811	+	94.99	97.76	96.08	2.7700000000000102	dynamic	Peak (T2 max)	core
NC_003888.3	2056153	+	92.18	89.41	91.42	2.7700000000000102	dynamic	Valley (T2 min)	core
NC_003888.3	5689096	+	91.51	93.72	90.96	2.760000000000005	dynamic	Peak (T2 max)	core
NC_003888.3	3483787	-	95.19	93.96	92.44	2.75	dynamic	Monotone decrease	core
NC_003888.3	3862479	+	91.6	94.35	92.15	2.75	dynamic	Peak (T2 max)	core
NC_003888.3	2609995	-	95.0	94.1	92.26	2.739999999999995	dynamic	Monotone decrease	core
NC_003888.3	1857576	+	94.75	95.24	92.5	2.739999999999995	dynamic	Peak (T2 max)	core
NC_003888.3	5226781	+	93.46	90.72	90.77	2.739999999999995	dynamic	Valley (T2 min)	core
NC_003888.3	3487389	+	95.77	93.05	95.77	2.719999999999999	dynamic	Valley (T2 min)	core
NC_003888.3	7790557	-	98.15	97.84	95.45	2.700000000000003	dynamic	Monotone decrease	arm
NC_003888.3	4989492	+	94.73	93.32	92.04	2.6899999999999977	dynamic	Monotone decrease	core
NC_003888.3	4664373	-	84.14	86.79	86.58	2.6500000000000057	dynamic	Peak (T2 max)	core
NC_003888.3	4165905	+	80.68	81.44	83.33	2.6499999999999915	dynamic	Monotone increase	core
NC_003888.3	3425918	+	78.55	76.75	79.39	2.6400000000000006	dynamic	Valley (T2 min)	core
NC_003888.3	3233975	-	94.55	93.46	96.1	2.6400000000000006	dynamic	Valley (T2 min)	core
NC_003888.3	6040877	+	89.84	87.7	87.21	2.6300000000000097	dynamic	Monotone decrease	core
NC_003888.3	3708810	+	81.18	83.07	80.46	2.6099999999999994	dynamic	Peak (T2 max)	core
NC_003888.3	1904510	+	97.44	96.97	94.87	2.569999999999993	dynamic	Monotone decrease	core
NC_003888.3	419901	-	97.44	98.04	100.0	2.5600000000000023	dynamic	Monotone increase	arm
NC_003888.3	3641279	+	95.19	94.1	96.66	2.5600000000000023	dynamic	Valley (T2 min)	core
NC_003888.3	5765561	-	73.61	74.5	71.96	2.5400000000000063	dynamic	Peak (T2 max)	core
NC_003888.3	4368557	+	78.3	79.96	77.46	2.5	dynamic	Peak (T2 max)	core
NC_003888.3	3201404	+	86.09	84.58	83.62	2.469999999999999	dynamic	Monotone decrease	core
NC_003888.3	2172495	+	98.41	95.95	96.96	2.4599999999999937	dynamic	Valley (T2 min)	core
NC_003888.3	2490818	+	81.19	78.75	78.97	2.4399999999999977	dynamic	Valley (T2 min)	core
NC_003888.3	436443	+	91.61	93.13	90.71	2.4200000000000017	dynamic	Peak (T2 max)	arm
NC_003888.3	6919169	+	92.46	94.87	93.94	2.410000000000011	dynamic	Peak (T2 max)	core
NC_003888.3	4199916	+	94.82	94.81	92.41	2.4099999999999966	dynamic	Monotone decrease	core
NC_003888.3	7085551	+	94.44	92.04	93.48	2.3999999999999915	dynamic	Valley (T2 min)	core
NC_003888.3	4860663	+	89.58	89.1	91.48	2.3800000000000097	dynamic	Valley (T2 min)	core
NC_003888.3	5861111	-	97.78	97.62	100.0	2.3799999999999955	dynamic	Valley (T2 min)	core
NC_003888.3	5053195	+	83.93	82.44	81.57	2.3600000000000136	dynamic	Monotone decrease	core
NC_003888.3	5714528	-	85.93	88.29	86.25	2.3599999999999994	dynamic	Peak (T2 max)	core
NC_003888.3	1280327	-	94.26	91.94	92.62	2.3200000000000074	dynamic	Valley (T2 min)	arm
NC_003888.3	4514369	-	93.83	91.54	91.75	2.289999999999992	dynamic	Valley (T2 min)	core
NC_003888.3	7109297	+	97.92	96.01	98.25	2.239999999999995	dynamic	Valley (T2 min)	core
NC_003888.3	5576606	-	91.68	93.2	93.9	2.219999999999999	dynamic	Monotone increase	core
NC_003888.3	2010240	+	100.0	98.04	97.78	2.219999999999999	dynamic	Monotone decrease	core
NC_003888.3	5141946	-	96.85	99.05	98.55	2.200000000000003	dynamic	Peak (T2 max)	core
NC_003888.3	4003232	+	82.19	80.0	80.27	2.1899999999999977	dynamic	Valley (T2 min)	core
NC_003888.3	2828883	-	92.38	90.2	91.11	2.1799999999999926	dynamic	Valley (T2 min)	core
NC_003888.3	3226415	-	75.92	76.61	74.44	2.1700000000000017	dynamic	Peak (T2 max)	core
NC_003888.3	2404847	-	95.54	93.38	95.0	2.160000000000011	dynamic	Valley (T2 min)	core
NC_003888.3	3347074	+	98.41	96.63	96.3	2.1099999999999994	dynamic	Monotone decrease	core
NC_003888.3	2421683	+	100.0	97.9	100.0	2.0999999999999943	dynamic	Valley (T2 min)	core
NC_003888.3	3607978	+	68.65	70.71	69.44	2.059999999999988	dynamic	Peak (T2 max)	core
NC_003888.3	1640520	+	94.23	92.33	92.2	2.030000000000001	dynamic	Monotone decrease	core
NC_003888.3	3884508	+	82.17	82.53	84.18	2.010000000000005	dynamic	Monotone increase	core
NC_003888.3	5521386	-	52.08	50.07	50.99	2.009999999999998	dynamic	Valley (T2 min)	core
NC_003888.3	2275487	+	94.84	96.83	95.45	1.9899999999999949	dynamic	Peak (T2 max)	core
NC_003888.3	3521870	-	90.27	89.71	91.67	1.960000000000008	dynamic	Valley (T2 min)	core
NC_003888.3	1064554	+	98.04	100.0	100.0	1.9599999999999937	dynamic	Other	arm
NC_003888.3	3084783	+	93.07	94.43	92.5	1.9300000000000068	dynamic	Peak (T2 max)	core
NC_003888.3	6630911	-	98.81	96.88	98.41	1.9300000000000068	dynamic	Valley (T2 min)	core
NC_003888.3	3929422	-	97.87	96.34	98.25	1.9099999999999966	dynamic	Valley (T2 min)	core
NC_003888.3	4702069	-	94.39	96.3	96.3	1.9099999999999966	dynamic	Other	core
NC_003888.3	992016	+	96.47	94.57	94.89	1.9000000000000057	dynamic	Valley (T2 min)	arm
NC_003888.3	4346521	+	97.96	98.33	96.43	1.8999999999999915	dynamic	Peak (T2 max)	core
NC_003888.3	3693776	+	86.71	86.36	84.81	1.8999999999999915	dynamic	Monotone decrease	core
NC_003888.3	3779648	-	90.49	90.83	88.94	1.8900000000000006	dynamic	Peak (T2 max)	core
NC_003888.3	4397819	-	86.51	87.8	88.33	1.8199999999999932	dynamic	Monotone increase	core
NC_003888.3	7980591	-	93.12	94.91	93.52	1.789999999999992	dynamic	Peak (T2 max)	arm
NC_003888.3	6092142	+	95.14	96.82	95.06	1.759999999999991	dynamic	Peak (T2 max)	core
NC_003888.3	7874630	-	92.06	93.75	92.0	1.75	dynamic	Peak (T2 max)	arm
NC_003888.3	6816125	+	96.56	96.17	97.92	1.75	dynamic	Valley (T2 min)	core
NC_003888.3	1268932	-	74.21	74.77	73.03	1.7399999999999949	dynamic	Peak (T2 max)	arm
NC_003888.3	6930690	-	90.87	92.56	90.83	1.730000000000004	dynamic	Peak (T2 max)	core
NC_003888.3	131563	+	94.66	92.97	93.33	1.6899999999999977	dynamic	Valley (T2 min)	arm
NC_003888.3	3883114	+	88.78	87.11	87.6	1.6700000000000017	dynamic	Valley (T2 min)	core
NC_003888.3	3377667	-	92.88	92.97	94.54	1.6600000000000108	dynamic	Monotone increase	core
NC_003888.3	2300507	-	89.7	91.31	89.71	1.6099999999999994	dynamic	Peak (T2 max)	core
NC_003888.3	3699228	+	79.03	77.52	77.45	1.5799999999999983	dynamic	Monotone decrease	core
NC_003888.3	7489948	+	95.56	97.1	96.67	1.539999999999992	dynamic	Peak (T2 max)	arm
NC_003888.3	1733935	-	90.6	89.07	90.47	1.5300000000000011	dynamic	Valley (T2 min)	core
NC_003888.3	4644410	-	95.74	94.26	95.77	1.509999999999991	dynamic	Valley (T2 min)	core
NC_003888.3	5390120	-	97.78	96.3	97.1	1.480000000000004	dynamic	Valley (T2 min)	core
NC_003888.3	3440408	+	89.33	88.55	87.86	1.4699999999999989	dynamic	Monotone decrease	core
NC_003888.3	6481428	+	96.77	95.33	96.11	1.4399999999999977	dynamic	Valley (T2 min)	core
NC_003888.3	3723492	+	92.88	92.54	93.95	1.4099999999999966	dynamic	Valley (T2 min)	core
NC_003888.3	4087788	+	93.22	92.25	93.65	1.4000000000000057	dynamic	Valley (T2 min)	core
NC_003888.3	3761661	-	80.84	82.24	82.19	1.3999999999999915	dynamic	Peak (T2 max)	core
NC_003888.3	619692	-	95.56	94.53	94.19	1.3700000000000045	dynamic	Monotone decrease	arm
NC_003888.3	2964190	+	65.2	64.71	63.89	1.3100000000000023	dynamic	Monotone decrease	core
NC_003888.3	1663079	+	91.85	93.15	91.84	1.3100000000000023	dynamic	Peak (T2 max)	core
NC_003888.3	3951157	-	97.98	96.68	97.62	1.2999999999999972	dynamic	Valley (T2 min)	core
NC_003888.3	7308229	-	95.24	94.38	93.94	1.2999999999999972	dynamic	Monotone decrease	arm
NC_003888.3	2279427	+	97.32	96.77	98.04	1.2700000000000102	dynamic	Valley (T2 min)	core
NC_003888.3	3892886	+	66.47	67.49	66.23	1.259999999999991	dynamic	Peak (T2 max)	core
NC_003888.3	3870353	-	58.33	59.22	59.56	1.230000000000004	dynamic	Monotone increase	core
NC_003888.3	5371477	+	93.99	92.77	93.06	1.2199999999999989	dynamic	Valley (T2 min)	core
NC_003888.3	7242404	+	95.83	94.63	95.08	1.2000000000000028	dynamic	Valley (T2 min)	arm
NC_003888.3	3235904	+	90.37	91.4	90.2	1.2000000000000028	dynamic	Peak (T2 max)	core
NC_003888.3	7910904	+	92.92	94.08	92.89	1.1899999999999977	dynamic	Peak (T2 max)	arm
NC_003888.3	4234012	-	94.43	95.06	94.04	1.019999999999996	dynamic	Peak (T2 max)	core
NC_003888.3	6631406	-	94.32	94.27	95.24	0.9699999999999989	dynamic	Valley (T2 min)	core
NC_003888.3	6832923	-	97.92	97.92	97.02	0.9000000000000057	dynamic	Other	core
NC_003888.3	7982612	+	95.83	95.87	96.73	0.9000000000000057	dynamic	Monotone increase	arm
NC_003888.3	3956015	-	94.13	93.54	93.3	0.8299999999999983	dynamic	Monotone decrease	core
NC_003888.3	7061219	+	92.56	91.74	91.97	0.8200000000000074	dynamic	Valley (T2 min)	core
NC_003888.3	7330927	-	96.63	96.3	95.83	0.7999999999999972	dynamic	Monotone decrease	arm
NC_003888.3	3985059	-	93.49	94.25	94.05	0.7600000000000051	dynamic	Peak (T2 max)	core
NC_003888.3	3864041	-	80.47	80.81	80.05	0.7600000000000051	dynamic	Peak (T2 max)	core
NC_003888.3	8659069	+	59.91	60.6	60.44	0.6900000000000048	dynamic	Peak (T2 max)	arm
NC_003888.3	2927993	-	86.2	86.18	85.55	0.6500000000000057	dynamic	Monotone decrease	core
NC_003888.3	4055295	+	98.81	98.21	98.85	0.6400000000000006	dynamic	Valley (T2 min)	core
NC_003888.3	2850521	+	83.59	83.66	83.06	0.5999999999999943	dynamic	Peak (T2 max)	core
NC_003888.3	6098966	+	96.67	97.22	96.96	0.5499999999999972	dynamic	Peak (T2 max)	core
NC_003888.3	1157284	+	93.75	93.64	94.19	0.5499999999999972	dynamic	Valley (T2 min)	arm
NC_003888.3	3969689	+	92.61	93.16	92.78	0.5499999999999972	dynamic	Peak (T2 max)	core
NC_003888.3	2132384	+	90.91	90.39	90.71	0.519999999999996	dynamic	Valley (T2 min)	core
NC_003888.3	7757969	-	91.25	91.53	91.04	0.4899999999999949	dynamic	Peak (T2 max)	arm
NC_003888.3	2031984	+	91.96	91.94	91.75	0.20999999999999375	stable	stable	core
NC_003888.3	1394445	-	100.0	100.0	100.0	0.0	stable	stable	arm
