motif_ID	motif_ALT_ID	motif_P-value	seq_ID	seq_Score	seq_Class	is_holdout?
1-SAAGCCCGNSVV	STREME-1	3.5e-023	NC_003888.3_7955204_+_4mC	15.07	tp	0
1-SAAGCCCGNSVV	STREME-1	3.5e-023	NC_003888.3_1145012_+_4mC	15.06	tp	0
1-SAAGCCCGNSVV	STREME-1	3.5e-023	NC_003888.3_1648697_-_4mC	14.54	tp	0
1-SAAGCCCGNSVV	STREME-1	3.5e-023	NC_003888.3_6144883_+_4mC	14.14	tp	0
1-SAAGCCCGNSVV	STREME-1	3.5e-023	NC_003888.3_5627590_+_4mC	14.08	tp	0
1-SAAGCCCGNSVV	STREME-1	3.5e-023	NC_003888.3_3846945_-_4mC	14.08	tp	0
1-SAAGCCCGNSVV	STREME-1	3.5e-023	NC_003888.3_3921536_-_4mC	13.67	tp	0
1-SAAGCCCGNSVV	STREME-1	3.5e-023	NC_003888.3_8330361_-_4mC	13.67	tp	1
1-SAAGCCCGNSVV	STREME-1	3.5e-023	NC_003888.3_3511844_+_4mC	13.66	tp	0
1-SAAGCCCGNSVV	STREME-1	3.5e-023	NC_003888.3_5861375_-_4mC	13.59	tp	0
1-SAAGCCCGNSVV	STREME-1	3.5e-023	NC_003888.3_4218811_+_4mC	13.59	tp	0
1-SAAGCCCGNSVV	STREME-1	3.5e-023	NC_003888.3_2047674_-_4mC	13.59	tp	0
1-SAAGCCCGNSVV	STREME-1	3.5e-023	NC_003888.3_2854833_+_4mC	13.59	tp	0
1-SAAGCCCGNSVV	STREME-1	3.5e-023	NC_003888.3_5555099_+_4mC	13.59	tp	0
1-SAAGCCCGNSVV	STREME-1	3.5e-023	NC_003888.3_534742_-_4mC	13.59	tp	0
1-SAAGCCCGNSVV	STREME-1	3.5e-023	NC_003888.3_2431761_-_4mC	13.59	tp	0
1-SAAGCCCGNSVV	STREME-1	3.5e-023	NC_003888.3_4848487_+_4mC	13.59	tp	1
1-SAAGCCCGNSVV	STREME-1	3.5e-023	NC_003888.3_7667300_+_4mC	13.59	tp	1
1-SAAGCCCGNSVV	STREME-1	3.5e-023	NC_003888.3_534742_-_4mC	13.59	fp	1
1-SAAGCCCGNSVV	STREME-1	3.5e-023	NC_003888.3_7049751_+_4mC	13.39	tp	0
1-SAAGCCCGNSVV	STREME-1	3.5e-023	NC_003888.3_2957743_-_4mC	13.29	tp	0
1-SAAGCCCGNSVV	STREME-1	3.5e-023	NC_003888.3_5614298_-_4mC	13.27	tp	0
1-SAAGCCCGNSVV	STREME-1	3.5e-023	NC_003888.3_4145038_+_4mC	13.13	tp	0
1-SAAGCCCGNSVV	STREME-1	3.5e-023	NC_003888.3_4089247_+_4mC	13.13	tp	0
1-SAAGCCCGNSVV	STREME-1	3.5e-023	NC_003888.3_3413222_-_4mC	13.13	tp	0
1-SAAGCCCGNSVV	STREME-1	3.5e-023	NC_003888.3_2569833_-_4mC	13.13	tp	0
1-SAAGCCCGNSVV	STREME-1	3.5e-023	NC_003888.3_7700537_-_4mC	13.13	tp	0
1-SAAGCCCGNSVV	STREME-1	3.5e-023	NC_003888.3_7648164_-_4mC	13.09	tp	0
1-SAAGCCCGNSVV	STREME-1	3.5e-023	NC_003888.3_5241343_+_4mC	13.09	tp	0
1-SAAGCCCGNSVV	STREME-1	3.5e-023	NC_003888.3_6251744_-_4mC	13.01	tp	0
1-SAAGCCCGNSVV	STREME-1	3.5e-023	NC_003888.3_3770312_+_4mC	13.01	tp	0
1-SAAGCCCGNSVV	STREME-1	3.5e-023	NC_003888.3_2271016_+_4mC	12.97	tp	0
1-SAAGCCCGNSVV	STREME-1	3.5e-023	NC_003888.3_5402838_+_4mC	12.94	tp	0
1-SAAGCCCGNSVV	STREME-1	3.5e-023	NC_003888.3_3217770_-_4mC	12.92	fp	0
1-SAAGCCCGNSVV	STREME-1	3.5e-023	NC_003888.3_4263171_-_4mC	12.87	tp	0
1-SAAGCCCGNSVV	STREME-1	3.5e-023	NC_003888.3_2075856_-_4mC	12.87	tp	0
1-SAAGCCCGNSVV	STREME-1	3.5e-023	NC_003888.3_7036521_+_4mC	12.83	tp	0
1-SAAGCCCGNSVV	STREME-1	3.5e-023	NC_003888.3_1981128_-_4mC	12.81	tp	0
1-SAAGCCCGNSVV	STREME-1	3.5e-023	NC_003888.3_4173885_+_4mC	12.81	tp	0
1-SAAGCCCGNSVV	STREME-1	3.5e-023	NC_003888.3_536315_-_4mC	12.81	tp	0
1-SAAGCCCGNSVV	STREME-1	3.5e-023	NC_003888.3_2109603_-_4mC	12.81	tp	0
1-SAAGCCCGNSVV	STREME-1	3.5e-023	NC_003888.3_1752624_-_4mC	12.80	tp	0
1-SAAGCCCGNSVV	STREME-1	3.5e-023	NC_003888.3_4508899_+_4mC	12.80	tp	0
1-SAAGCCCGNSVV	STREME-1	3.5e-023	NC_003888.3_4290576_+_4mC	12.80	tp	1
1-SAAGCCCGNSVV	STREME-1	3.5e-023	NC_003888.3_2078096_-_4mC	12.73	tp	0
1-SAAGCCCGNSVV	STREME-1	3.5e-023	NC_003888.3_3345425_+_4mC	12.68	tp	0
1-SAAGCCCGNSVV	STREME-1	3.5e-023	NC_003888.3_5765173_+_4mC	12.68	tp	1
1-SAAGCCCGNSVV	STREME-1	3.5e-023	NC_003888.3_5335656_+_4mC	12.66	tp	0
1-SAAGCCCGNSVV	STREME-1	3.5e-023	NC_003888.3_7273174_-_4mC	12.62	tp	0
1-SAAGCCCGNSVV	STREME-1	3.5e-023	NC_003888.3_4927052_-_4mC	12.62	fp	0
1-SAAGCCCGNSVV	STREME-1	3.5e-023	NC_003888.3_6542798_+_4mC	12.60	tp	0
1-SAAGCCCGNSVV	STREME-1	3.5e-023	NC_003888.3_7985363_+_4mC	12.60	tp	0
1-SAAGCCCGNSVV	STREME-1	3.5e-023	NC_003888.3_8023241_+_4mC	12.57	tp	0
1-SAAGCCCGNSVV	STREME-1	3.5e-023	NC_003888.3_2776712_-_4mC	12.54	tp	1
1-SAAGCCCGNSVV	STREME-1	3.5e-023	NC_003888.3_6623624_+_4mC	12.44	tp	0
1-SAAGCCCGNSVV	STREME-1	3.5e-023	NC_003888.3_1316556_+_4mC	12.44	tp	0
1-SAAGCCCGNSVV	STREME-1	3.5e-023	NC_003888.3_1741256_-_4mC	12.44	tp	0
1-SAAGCCCGNSVV	STREME-1	3.5e-023	NC_003888.3_4987475_+_4mC	12.44	tp	0
1-SAAGCCCGNSVV	STREME-1	3.5e-023	NC_003888.3_3345425_+_4mC	12.44	fp	0
1-SAAGCCCGNSVV	STREME-1	3.5e-023	NC_003888.3_6821829_-_4mC	12.43	tp	0
1-SAAGCCCGNSVV	STREME-1	3.5e-023	NC_003888.3_5559293_+_4mC	12.43	fp	0
1-SAAGCCCGNSVV	STREME-1	3.5e-023	NC_003888.3_4848931_+_4mC	12.42	tp	0
1-SAAGCCCGNSVV	STREME-1	3.5e-023	NC_003888.3_6537838_-_4mC	12.42	tp	0
1-SAAGCCCGNSVV	STREME-1	3.5e-023	NC_003888.3_5338842_-_4mC	12.41	tp	0
1-SAAGCCCGNSVV	STREME-1	3.5e-023	NC_003888.3_1277945_-_4mC	12.41	tp	0
1-SAAGCCCGNSVV	STREME-1	3.5e-023	NC_003888.3_2415713_+_4mC	12.41	tp	0
1-SAAGCCCGNSVV	STREME-1	3.5e-023	NC_003888.3_5437960_-_4mC	12.39	tp	0
1-SAAGCCCGNSVV	STREME-1	3.5e-023	NC_003888.3_6438620_-_4mC	12.39	tp	0
1-SAAGCCCGNSVV	STREME-1	3.5e-023	NC_003888.3_4712678_+_4mC	12.39	tp	0
1-SAAGCCCGNSVV	STREME-1	3.5e-023	NC_003888.3_5081764_+_4mC	12.39	tp	0
1-SAAGCCCGNSVV	STREME-1	3.5e-023	NC_003888.3_2576752_+_4mC	12.34	tp	0
1-SAAGCCCGNSVV	STREME-1	3.5e-023	NC_003888.3_4890343_+_4mC	12.34	tp	0
1-SAAGCCCGNSVV	STREME-1	3.5e-023	NC_003888.3_1063002_-_4mC	12.34	tp	1
1-SAAGCCCGNSVV	STREME-1	3.5e-023	NC_003888.3_6400478_-_4mC	12.32	tp	0
1-SAAGCCCGNSVV	STREME-1	3.5e-023	NC_003888.3_2362192_+_4mC	12.32	tp	0
1-SAAGCCCGNSVV	STREME-1	3.5e-023	NC_003888.3_2390760_-_4mC	12.32	tp	0
1-SAAGCCCGNSVV	STREME-1	3.5e-023	NC_003888.3_4127187_+_4mC	12.29	tp	0
1-SAAGCCCGNSVV	STREME-1	3.5e-023	NC_003888.3_7478149_-_4mC	12.28	tp	0
1-SAAGCCCGNSVV	STREME-1	3.5e-023	NC_003888.3_3206949_+_4mC	12.27	tp	0
1-SAAGCCCGNSVV	STREME-1	3.5e-023	NC_003888.3_281964_-_4mC	12.27	tp	0
1-SAAGCCCGNSVV	STREME-1	3.5e-023	NC_003888.3_1619112_-_4mC	12.26	tp	0
1-SAAGCCCGNSVV	STREME-1	3.5e-023	NC_003888.3_4280476_-_4mC	12.23	tp	0
1-SAAGCCCGNSVV	STREME-1	3.5e-023	NC_003888.3_6396332_+_4mC	12.23	tp	0
1-SAAGCCCGNSVV	STREME-1	3.5e-023	NC_003888.3_1296594_+_4mC	12.23	tp	0
1-SAAGCCCGNSVV	STREME-1	3.5e-023	NC_003888.3_6463124_+_4mC	12.23	tp	0
1-SAAGCCCGNSVV	STREME-1	3.5e-023	NC_003888.3_6314265_+_4mC	12.23	tp	0
1-SAAGCCCGNSVV	STREME-1	3.5e-023	NC_003888.3_2128931_+_4mC	12.23	tp	0
1-SAAGCCCGNSVV	STREME-1	3.5e-023	NC_003888.3_3377114_+_4mC	12.23	tp	0
1-SAAGCCCGNSVV	STREME-1	3.5e-023	NC_003888.3_6858277_+_4mC	12.23	tp	0
1-SAAGCCCGNSVV	STREME-1	3.5e-023	NC_003888.3_3591029_+_4mC	12.23	tp	0
1-SAAGCCCGNSVV	STREME-1	3.5e-023	NC_003888.3_8518503_+_4mC	12.23	tp	0
1-SAAGCCCGNSVV	STREME-1	3.5e-023	NC_003888.3_5345804_+_4mC	12.22	tp	0
1-SAAGCCCGNSVV	STREME-1	3.5e-023	NC_003888.3_5974533_+_4mC	12.22	tp	0
1-SAAGCCCGNSVV	STREME-1	3.5e-023	NC_003888.3_4135553_+_4mC	12.22	tp	1
1-SAAGCCCGNSVV	STREME-1	3.5e-023	NC_003888.3_4948216_+_4mC	12.20	tp	0
1-SAAGCCCGNSVV	STREME-1	3.5e-023	NC_003888.3_6349628_+_4mC	12.20	tp	0
1-SAAGCCCGNSVV	STREME-1	3.5e-023	NC_003888.3_2957833_-_4mC	12.15	tp	0
1-SAAGCCCGNSVV	STREME-1	3.5e-023	NC_003888.3_5976129_+_4mC	12.15	tp	0
1-SAAGCCCGNSVV	STREME-1	3.5e-023	NC_003888.3_737000_+_4mC	12.15	tp	0
1-SAAGCCCGNSVV	STREME-1	3.5e-023	NC_003888.3_4168530_+_4mC	12.15	tp	0
1-SAAGCCCGNSVV	STREME-1	3.5e-023	NC_003888.3_2980765_+_4mC	12.14	tp	0
1-SAAGCCCGNSVV	STREME-1	3.5e-023	NC_003888.3_6086084_-_4mC	12.09	tp	0
1-SAAGCCCGNSVV	STREME-1	3.5e-023	NC_003888.3_4922082_+_4mC	12.09	tp	0
1-SAAGCCCGNSVV	STREME-1	3.5e-023	NC_003888.3_5081734_+_4mC	12.08	tp	0
1-SAAGCCCGNSVV	STREME-1	3.5e-023	NC_003888.3_4839516_-_4mC	12.08	tp	0
1-SAAGCCCGNSVV	STREME-1	3.5e-023	NC_003888.3_8118468_+_4mC	12.08	tp	1
1-SAAGCCCGNSVV	STREME-1	3.5e-023	NC_003888.3_1161374_+_4mC	12.06	tp	0
1-SAAGCCCGNSVV	STREME-1	3.5e-023	NC_003888.3_6879645_+_4mC	12.06	tp	0
1-SAAGCCCGNSVV	STREME-1	3.5e-023	NC_003888.3_2836628_-_4mC	12.06	tp	0
1-SAAGCCCGNSVV	STREME-1	3.5e-023	NC_003888.3_5697993_-_4mC	12.06	tp	0
1-SAAGCCCGNSVV	STREME-1	3.5e-023	NC_003888.3_3770476_-_4mC	12.06	tp	0
1-SAAGCCCGNSVV	STREME-1	3.5e-023	NC_003888.3_2231815_+_4mC	12.04	tp	0
1-SAAGCCCGNSVV	STREME-1	3.5e-023	NC_003888.3_2361985_+_4mC	12.03	tp	0
1-SAAGCCCGNSVV	STREME-1	3.5e-023	NC_003888.3_8450511_-_4mC	12.03	tp	0
1-SAAGCCCGNSVV	STREME-1	3.5e-023	NC_003888.3_5576361_+_4mC	11.98	tp	0
1-SAAGCCCGNSVV	STREME-1	3.5e-023	NC_003888.3_4073763_-_4mC	11.97	tp	0
1-SAAGCCCGNSVV	STREME-1	3.5e-023	NC_003888.3_7119120_-_4mC	11.97	tp	0
1-SAAGCCCGNSVV	STREME-1	3.5e-023	NC_003888.3_8219595_-_4mC	11.97	tp	0
1-SAAGCCCGNSVV	STREME-1	3.5e-023	NC_003888.3_5285166_+_4mC	11.97	fp	1
1-SAAGCCCGNSVV	STREME-1	3.5e-023	NC_003888.3_3403244_+_4mC	11.95	tp	0
1-SAAGCCCGNSVV	STREME-1	3.5e-023	NC_003888.3_6360019_+_4mC	11.93	tp	0
1-SAAGCCCGNSVV	STREME-1	3.5e-023	NC_003888.3_8002466_-_4mC	11.93	tp	0
1-SAAGCCCGNSVV	STREME-1	3.5e-023	NC_003888.3_5576892_+_4mC	11.93	tp	0
1-SAAGCCCGNSVV	STREME-1	3.5e-023	NC_003888.3_2123459_-_4mC	11.93	tp	0
1-SAAGCCCGNSVV	STREME-1	3.5e-023	NC_003888.3_2679816_+_4mC	11.93	tp	0
1-SAAGCCCGNSVV	STREME-1	3.5e-023	NC_003888.3_3589598_-_4mC	11.93	tp	0
1-SAAGCCCGNSVV	STREME-1	3.5e-023	NC_003888.3_2628128_-_4mC	11.93	tp	1
1-SAAGCCCGNSVV	STREME-1	3.5e-023	NC_003888.3_8484855_+_4mC	11.93	tp	1
1-SAAGCCCGNSVV	STREME-1	3.5e-023	NC_003888.3_4173638_-_4mC	11.93	tp	1
1-SAAGCCCGNSVV	STREME-1	3.5e-023	NC_003888.3_3438376_-_4mC	11.93	tp	0
1-SAAGCCCGNSVV	STREME-1	3.5e-023	NC_003888.3_4669464_+_4mC	11.93	tp	0
1-SAAGCCCGNSVV	STREME-1	3.5e-023	NC_003888.3_481755_-_4mC	11.93	tp	0
1-SAAGCCCGNSVV	STREME-1	3.5e-023	NC_003888.3_5598018_+_4mC	11.93	tp	0
1-SAAGCCCGNSVV	STREME-1	3.5e-023	NC_003888.3_1567495_-_4mC	11.93	tp	0
1-SAAGCCCGNSVV	STREME-1	3.5e-023	NC_003888.3_4576306_-_4mC	11.93	tp	0
1-SAAGCCCGNSVV	STREME-1	3.5e-023	NC_003888.3_5598036_+_4mC	11.93	tp	0
1-SAAGCCCGNSVV	STREME-1	3.5e-023	NC_003888.3_5598027_+_4mC	11.93	tp	0
1-SAAGCCCGNSVV	STREME-1	3.5e-023	NC_003888.3_2213236_-_4mC	11.92	tp	0
1-SAAGCCCGNSVV	STREME-1	3.5e-023	NC_003888.3_7674616_-_4mC	11.89	tp	0
1-SAAGCCCGNSVV	STREME-1	3.5e-023	NC_003888.3_6767954_+_4mC	11.89	tp	0
1-SAAGCCCGNSVV	STREME-1	3.5e-023	NC_003888.3_5554076_+_4mC	11.89	tp	1
1-SAAGCCCGNSVV	STREME-1	3.5e-023	NC_003888.3_3690749_-_4mC	11.88	tp	0
1-SAAGCCCGNSVV	STREME-1	3.5e-023	NC_003888.3_6269778_+_4mC	11.88	tp	0
1-SAAGCCCGNSVV	STREME-1	3.5e-023	NC_003888.3_3301970_-_4mC	11.88	tp	0
1-SAAGCCCGNSVV	STREME-1	3.5e-023	NC_003888.3_1921811_-_4mC	11.88	tp	0
1-SAAGCCCGNSVV	STREME-1	3.5e-023	NC_003888.3_5516899_+_4mC	11.86	tp	0
1-SAAGCCCGNSVV	STREME-1	3.5e-023	NC_003888.3_2611797_-_4mC	11.86	tp	0
1-SAAGCCCGNSVV	STREME-1	3.5e-023	NC_003888.3_6286601_+_4mC	11.86	tp	0
1-SAAGCCCGNSVV	STREME-1	3.5e-023	NC_003888.3_186462_+_4mC	11.86	tp	0
1-SAAGCCCGNSVV	STREME-1	3.5e-023	NC_003888.3_3419252_+_4mC	11.84	tp	0
1-SAAGCCCGNSVV	STREME-1	3.5e-023	NC_003888.3_1420326_+_4mC	11.83	tp	0
1-SAAGCCCGNSVV	STREME-1	3.5e-023	NC_003888.3_261875_-_4mC	11.83	tp	0
1-SAAGCCCGNSVV	STREME-1	3.5e-023	NC_003888.3_6200803_+_4mC	11.83	tp	0
1-SAAGCCCGNSVV	STREME-1	3.5e-023	NC_003888.3_8357431_-_4mC	11.83	tp	0
1-SAAGCCCGNSVV	STREME-1	3.5e-023	NC_003888.3_1420326_+_4mC	11.83	fp	0
1-SAAGCCCGNSVV	STREME-1	3.5e-023	NC_003888.3_4927052_-_4mC	11.83	tp	1
1-SAAGCCCGNSVV	STREME-1	3.5e-023	NC_003888.3_5210852_-_4mC	11.83	tp	1
1-SAAGCCCGNSVV	STREME-1	3.5e-023	NC_003888.3_2559892_+_4mC	11.83	tp	0
1-SAAGCCCGNSVV	STREME-1	3.5e-023	NC_003888.3_5693198_+_4mC	11.83	tp	0
1-SAAGCCCGNSVV	STREME-1	3.5e-023	NC_003888.3_6808340_-_4mC	11.81	tp	1
1-SAAGCCCGNSVV	STREME-1	3.5e-023	NC_003888.3_2558087_+_4mC	11.81	tp	0
1-SAAGCCCGNSVV	STREME-1	3.5e-023	NC_003888.3_4760554_-_4mC	11.77	tp	1
1-SAAGCCCGNSVV	STREME-1	3.5e-023	NC_003888.3_5576112_+_4mC	11.77	tp	0
1-SAAGCCCGNSVV	STREME-1	3.5e-023	NC_003888.3_5077385_+_4mC	11.77	tp	0
1-SAAGCCCGNSVV	STREME-1	3.5e-023	NC_003888.3_1166188_-_4mC	11.77	tp	0
1-SAAGCCCGNSVV	STREME-1	3.5e-023	NC_003888.3_8561682_-_4mC	11.76	tp	0
1-SAAGCCCGNSVV	STREME-1	3.5e-023	NC_003888.3_2055487_-_4mC	11.76	tp	0
1-SAAGCCCGNSVV	STREME-1	3.5e-023	NC_003888.3_3960373_+_4mC	11.75	tp	0
1-SAAGCCCGNSVV	STREME-1	3.5e-023	NC_003888.3_7346564_+_4mC	11.75	tp	0
1-SAAGCCCGNSVV	STREME-1	3.5e-023	NC_003888.3_4619082_-_4mC	11.75	tp	0
1-SAAGCCCGNSVV	STREME-1	3.5e-023	NC_003888.3_4958836_-_4mC	11.75	tp	0
1-SAAGCCCGNSVV	STREME-1	3.5e-023	NC_003888.3_3305326_-_4mC	11.75	tp	0
1-SAAGCCCGNSVV	STREME-1	3.5e-023	NC_003888.3_8063026_+_4mC	11.75	tp	0
1-SAAGCCCGNSVV	STREME-1	3.5e-023	NC_003888.3_3090225_+_4mC	11.75	tp	0
1-SAAGCCCGNSVV	STREME-1	3.5e-023	NC_003888.3_2780318_-_4mC	11.75	fp	0
1-SAAGCCCGNSVV	STREME-1	3.5e-023	NC_003888.3_718701_+_4mC	11.75	fp	1
1-SAAGCCCGNSVV	STREME-1	3.5e-023	NC_003888.3_4384628_-_4mC	11.74	tp	0
1-SAAGCCCGNSVV	STREME-1	3.5e-023	NC_003888.3_3094493_+_4mC	11.74	tp	0
1-SAAGCCCGNSVV	STREME-1	3.5e-023	NC_003888.3_6336478_-_4mC	11.74	tp	0
1-SAAGCCCGNSVV	STREME-1	3.5e-023	NC_003888.3_6323739_+_4mC	11.74	tp	1
1-SAAGCCCGNSVV	STREME-1	3.5e-023	NC_003888.3_648250_+_4mC	11.73	tp	0
1-SAAGCCCGNSVV	STREME-1	3.5e-023	NC_003888.3_1237579_+_4mC	11.73	tp	0
1-SAAGCCCGNSVV	STREME-1	3.5e-023	NC_003888.3_3402196_+_4mC	11.73	tp	0
1-SAAGCCCGNSVV	STREME-1	3.5e-023	NC_003888.3_877585_-_4mC	11.73	fp	0
1-SAAGCCCGNSVV	STREME-1	3.5e-023	NC_003888.3_7392222_-_4mC	11.69	tp	0
1-SAAGCCCGNSVV	STREME-1	3.5e-023	NC_003888.3_8663518_+_4mC	11.69	tp	0
1-SAAGCCCGNSVV	STREME-1	3.5e-023	NC_003888.3_3988_-_4mC	11.69	tp	0
1-SAAGCCCGNSVV	STREME-1	3.5e-023	NC_003888.3_6857837_-_4mC	11.69	tp	0
1-SAAGCCCGNSVV	STREME-1	3.5e-023	NC_003888.3_6744703_+_4mC	11.69	tp	0
1-SAAGCCCGNSVV	STREME-1	3.5e-023	NC_003888.3_562973_-_4mC	11.69	tp	0
1-SAAGCCCGNSVV	STREME-1	3.5e-023	NC_003888.3_5984879_+_4mC	11.69	fp	0
1-SAAGCCCGNSVV	STREME-1	3.5e-023	NC_003888.3_4544896_+_4mC	11.66	tp	0
1-SAAGCCCGNSVV	STREME-1	3.5e-023	NC_003888.3_7345073_-_4mC	11.66	fp	0
1-SAAGCCCGNSVV	STREME-1	3.5e-023	NC_003888.3_5574966_+_4mC	11.66	tp	0
1-SAAGCCCGNSVV	STREME-1	3.5e-023	NC_003888.3_6527077_+_4mC	11.66	tp	0
1-SAAGCCCGNSVV	STREME-1	3.5e-023	NC_003888.3_934032_+_4mC	11.66	tp	0
1-SAAGCCCGNSVV	STREME-1	3.5e-023	NC_003888.3_4848652_+_4mC	11.66	tp	0
1-SAAGCCCGNSVV	STREME-1	3.5e-023	NC_003888.3_1613998_-_4mC	11.66	tp	0
1-SAAGCCCGNSVV	STREME-1	3.5e-023	NC_003888.3_3033661_+_4mC	11.66	tp	0
1-SAAGCCCGNSVV	STREME-1	3.5e-023	NC_003888.3_2109249_+_4mC	11.66	tp	0
1-SAAGCCCGNSVV	STREME-1	3.5e-023	NC_003888.3_2041783_-_4mC	11.65	tp	0
1-SAAGCCCGNSVV	STREME-1	3.5e-023	NC_003888.3_6182522_+_4mC	11.65	tp	0
1-SAAGCCCGNSVV	STREME-1	3.5e-023	NC_003888.3_3217770_-_4mC	11.64	tp	0
1-SAAGCCCGNSVV	STREME-1	3.5e-023	NC_003888.3_6004407_+_4mC	11.63	tp	0
1-SAAGCCCGNSVV	STREME-1	3.5e-023	NC_003888.3_4639883_+_4mC	11.61	tp	0
1-SAAGCCCGNSVV	STREME-1	3.5e-023	NC_003888.3_745998_-_4mC	11.60	tp	0
1-SAAGCCCGNSVV	STREME-1	3.5e-023	NC_003888.3_7502265_+_4mC	11.60	tp	0
1-SAAGCCCGNSVV	STREME-1	3.5e-023	NC_003888.3_8320317_+_4mC	11.60	tp	0
1-SAAGCCCGNSVV	STREME-1	3.5e-023	NC_003888.3_3535454_+_4mC	11.60	tp	0
1-SAAGCCCGNSVV	STREME-1	3.5e-023	NC_003888.3_2446671_+_4mC	11.60	tp	0
1-SAAGCCCGNSVV	STREME-1	3.5e-023	NC_003888.3_3229088_+_4mC	11.60	tp	0
1-SAAGCCCGNSVV	STREME-1	3.5e-023	NC_003888.3_3337694_+_4mC	11.60	tp	0
1-SAAGCCCGNSVV	STREME-1	3.5e-023	NC_003888.3_5051448_+_4mC	11.60	tp	0
1-SAAGCCCGNSVV	STREME-1	3.5e-023	NC_003888.3_1672403_-_4mC	11.59	tp	0
1-SAAGCCCGNSVV	STREME-1	3.5e-023	NC_003888.3_5233150_-_4mC	11.59	tp	0
1-SAAGCCCGNSVV	STREME-1	3.5e-023	NC_003888.3_5135642_+_4mC	11.59	tp	0
1-SAAGCCCGNSVV	STREME-1	3.5e-023	NC_003888.3_4656579_-_4mC	11.58	tp	0
1-SAAGCCCGNSVV	STREME-1	3.5e-023	NC_003888.3_4942198_-_4mC	11.58	tp	0
1-SAAGCCCGNSVV	STREME-1	3.5e-023	NC_003888.3_7513989_+_4mC	11.58	tp	0
1-SAAGCCCGNSVV	STREME-1	3.5e-023	NC_003888.3_468600_+_4mC	11.57	tp	0
1-SAAGCCCGNSVV	STREME-1	3.5e-023	NC_003888.3_4376359_+_4mC	11.57	tp	0
1-SAAGCCCGNSVV	STREME-1	3.5e-023	NC_003888.3_3620287_-_4mC	11.55	tp	0
1-SAAGCCCGNSVV	STREME-1	3.5e-023	NC_003888.3_4937163_-_4mC	11.55	tp	0
1-SAAGCCCGNSVV	STREME-1	3.5e-023	NC_003888.3_4937163_-_4mC	11.55	fp	0
1-SAAGCCCGNSVV	STREME-1	3.5e-023	NC_003888.3_910828_-_4mC	11.50	tp	0
1-SAAGCCCGNSVV	STREME-1	3.5e-023	NC_003888.3_4367841_-_4mC	11.50	tp	1
1-SAAGCCCGNSVV	STREME-1	3.5e-023	NC_003888.3_5918802_+_4mC	11.49	tp	0
1-SAAGCCCGNSVV	STREME-1	3.5e-023	NC_003888.3_7923190_+_4mC	11.49	fp	0
1-SAAGCCCGNSVV	STREME-1	3.5e-023	NC_003888.3_3672787_-_4mC	11.49	tp	0
1-SAAGCCCGNSVV	STREME-1	3.5e-023	NC_003888.3_4367772_-_4mC	11.47	tp	0
1-SAAGCCCGNSVV	STREME-1	3.5e-023	NC_003888.3_2319043_-_4mC	11.47	tp	0
1-SAAGCCCGNSVV	STREME-1	3.5e-023	NC_003888.3_3202932_-_4mC	11.47	tp	0
1-SAAGCCCGNSVV	STREME-1	3.5e-023	NC_003888.3_3842525_+_4mC	11.43	tp	0
1-SAAGCCCGNSVV	STREME-1	3.5e-023	NC_003888.3_2804119_-_4mC	11.43	tp	0
1-SAAGCCCGNSVV	STREME-1	3.5e-023	NC_003888.3_6082371_+_4mC	11.42	tp	0
1-SAAGCCCGNSVV	STREME-1	3.5e-023	NC_003888.3_2444866_+_4mC	11.42	tp	0
1-SAAGCCCGNSVV	STREME-1	3.5e-023	NC_003888.3_7652939_+_4mC	11.42	tp	0
1-SAAGCCCGNSVV	STREME-1	3.5e-023	NC_003888.3_4415930_+_4mC	11.40	tp	0
1-SAAGCCCGNSVV	STREME-1	3.5e-023	NC_003888.3_6202510_+_4mC	11.37	tp	0
1-SAAGCCCGNSVV	STREME-1	3.5e-023	NC_003888.3_4303407_+_4mC	11.37	tp	0
1-SAAGCCCGNSVV	STREME-1	3.5e-023	NC_003888.3_3433555_-_4mC	11.37	tp	0
1-SAAGCCCGNSVV	STREME-1	3.5e-023	NC_003888.3_5186834_+_4mC	11.35	tp	0
1-SAAGCCCGNSVV	STREME-1	3.5e-023	NC_003888.3_4879652_+_4mC	11.35	tp	0
1-SAAGCCCGNSVV	STREME-1	3.5e-023	NC_003888.3_190352_+_4mC	11.35	tp	0
1-SAAGCCCGNSVV	STREME-1	3.5e-023	NC_003888.3_6596540_+_4mC	11.35	tp	0
1-SAAGCCCGNSVV	STREME-1	3.5e-023	NC_003888.3_6725217_-_4mC	11.35	tp	0
1-SAAGCCCGNSVV	STREME-1	3.5e-023	NC_003888.3_916423_-_4mC	11.35	tp	0
1-SAAGCCCGNSVV	STREME-1	3.5e-023	NC_003888.3_4088379_+_4mC	11.35	tp	0
1-SAAGCCCGNSVV	STREME-1	3.5e-023	NC_003888.3_7192542_+_4mC	11.35	tp	0
1-SAAGCCCGNSVV	STREME-1	3.5e-023	NC_003888.3_5233887_+_4mC	11.35	fp	0
1-SAAGCCCGNSVV	STREME-1	3.5e-023	NC_003888.3_2410840_+_4mC	11.35	tp	1
1-SAAGCCCGNSVV	STREME-1	3.5e-023	NC_003888.3_6917680_+_4mC	11.35	tp	0
1-SAAGCCCGNSVV	STREME-1	3.5e-023	NC_003888.3_614829_+_4mC	11.34	tp	0
1-SAAGCCCGNSVV	STREME-1	3.5e-023	NC_003888.3_2544301_+_4mC	11.34	tp	0
1-SAAGCCCGNSVV	STREME-1	3.5e-023	NC_003888.3_1168620_+_4mC	11.34	tp	0
1-SAAGCCCGNSVV	STREME-1	3.5e-023	NC_003888.3_5547235_+_4mC	11.34	tp	0
1-SAAGCCCGNSVV	STREME-1	3.5e-023	NC_003888.3_6403194_+_4mC	11.34	tp	0
1-SAAGCCCGNSVV	STREME-1	3.5e-023	NC_003888.3_4601623_+_4mC	11.32	tp	0
1-SAAGCCCGNSVV	STREME-1	3.5e-023	NC_003888.3_6812702_+_4mC	11.30	tp	0
1-SAAGCCCGNSVV	STREME-1	3.5e-023	NC_003888.3_5910965_+_4mC	11.30	tp	0
1-SAAGCCCGNSVV	STREME-1	3.5e-023	NC_003888.3_2274046_+_4mC	11.29	fp	0
1-SAAGCCCGNSVV	STREME-1	3.5e-023	NC_003888.3_7289121_+_4mC	11.27	tp	0
1-SAAGCCCGNSVV	STREME-1	3.5e-023	NC_003888.3_1887439_+_4mC	11.27	tp	0
1-SAAGCCCGNSVV	STREME-1	3.5e-023	NC_003888.3_3524596_+_4mC	11.27	tp	0
1-SAAGCCCGNSVV	STREME-1	3.5e-023	NC_003888.3_7663070_+_4mC	11.27	tp	0
1-SAAGCCCGNSVV	STREME-1	3.5e-023	NC_003888.3_1660897_+_4mC	11.27	tp	1
1-SAAGCCCGNSVV	STREME-1	3.5e-023	NC_003888.3_3521393_+_4mC	11.27	tp	1
1-SAAGCCCGNSVV	STREME-1	3.5e-023	NC_003888.3_5599202_-_4mC	11.26	tp	0
1-SAAGCCCGNSVV	STREME-1	3.5e-023	NC_003888.3_8611166_+_4mC	11.26	tp	0
1-SAAGCCCGNSVV	STREME-1	3.5e-023	NC_003888.3_7485696_+_4mC	11.26	tp	0
1-SAAGCCCGNSVV	STREME-1	3.5e-023	NC_003888.3_7297197_+_4mC	11.26	tp	0
1-SAAGCCCGNSVV	STREME-1	3.5e-023	NC_003888.3_1879810_-_4mC	11.26	tp	0
1-SAAGCCCGNSVV	STREME-1	3.5e-023	NC_003888.3_1115331_+_4mC	11.26	tp	0
1-SAAGCCCGNSVV	STREME-1	3.5e-023	NC_003888.3_4136413_-_4mC	11.25	tp	0
1-SAAGCCCGNSVV	STREME-1	3.5e-023	NC_003888.3_3818192_+_4mC	11.25	tp	0
1-SAAGCCCGNSVV	STREME-1	3.5e-023	NC_003888.3_7048932_+_4mC	11.24	tp	0
1-SAAGCCCGNSVV	STREME-1	3.5e-023	NC_003888.3_4332181_-_4mC	11.23	tp	0
1-SAAGCCCGNSVV	STREME-1	3.5e-023	NC_003888.3_6492055_-_4mC	11.23	tp	0
1-SAAGCCCGNSVV	STREME-1	3.5e-023	NC_003888.3_1514771_-_4mC	11.23	tp	0
1-SAAGCCCGNSVV	STREME-1	3.5e-023	NC_003888.3_1282751_+_4mC	11.23	tp	0
1-SAAGCCCGNSVV	STREME-1	3.5e-023	NC_003888.3_1981062_-_4mC	11.23	tp	0
1-SAAGCCCGNSVV	STREME-1	3.5e-023	NC_003888.3_1730344_-_4mC	11.23	tp	0
1-SAAGCCCGNSVV	STREME-1	3.5e-023	NC_003888.3_3638365_+_4mC	11.23	tp	0
1-SAAGCCCGNSVV	STREME-1	3.5e-023	NC_003888.3_4987475_+_4mC	11.23	fp	0
1-SAAGCCCGNSVV	STREME-1	3.5e-023	NC_003888.3_946276_+_4mC	11.23	fp	0
1-SAAGCCCGNSVV	STREME-1	3.5e-023	NC_003888.3_8162168_+_4mC	11.20	tp	0
1-SAAGCCCGNSVV	STREME-1	3.5e-023	NC_003888.3_2453049_+_4mC	11.20	tp	0
1-SAAGCCCGNSVV	STREME-1	3.5e-023	NC_003888.3_371042_-_4mC	11.20	tp	0
1-SAAGCCCGNSVV	STREME-1	3.5e-023	NC_003888.3_8162359_+_4mC	11.20	tp	0
1-SAAGCCCGNSVV	STREME-1	3.5e-023	NC_003888.3_6129175_-_4mC	11.20	tp	0
1-SAAGCCCGNSVV	STREME-1	3.5e-023	NC_003888.3_2780318_-_4mC	11.20	tp	0
1-SAAGCCCGNSVV	STREME-1	3.5e-023	NC_003888.3_1929500_-_4mC	11.20	tp	0
1-SAAGCCCGNSVV	STREME-1	3.5e-023	NC_003888.3_5926818_-_4mC	11.19	tp	0
1-SAAGCCCGNSVV	STREME-1	3.5e-023	NC_003888.3_4881949_+_4mC	11.19	fp	0
1-SAAGCCCGNSVV	STREME-1	3.5e-023	NC_003888.3_429395_+_4mC	11.17	tp	0
1-SAAGCCCGNSVV	STREME-1	3.5e-023	NC_003888.3_5598054_+_4mC	11.15	tp	0
1-SAAGCCCGNSVV	STREME-1	3.5e-023	NC_003888.3_4972754_+_4mC	11.15	tp	0
1-SAAGCCCGNSVV	STREME-1	3.5e-023	NC_003888.3_4339631_+_4mC	11.15	tp	0
1-SAAGCCCGNSVV	STREME-1	3.5e-023	NC_003888.3_2682951_+_4mC	11.15	tp	0
1-SAAGCCCGNSVV	STREME-1	3.5e-023	NC_003888.3_2922121_+_4mC	11.15	tp	0
1-SAAGCCCGNSVV	STREME-1	3.5e-023	NC_003888.3_6490766_+_4mC	11.15	tp	0
1-SAAGCCCGNSVV	STREME-1	3.5e-023	NC_003888.3_3186657_+_4mC	11.15	fp	0
1-SAAGCCCGNSVV	STREME-1	3.5e-023	NC_003888.3_5395951_+_4mC	11.15	fp	0
1-SAAGCCCGNSVV	STREME-1	3.5e-023	NC_003888.3_2250887_-_4mC	11.13	tp	0
1-SAAGCCCGNSVV	STREME-1	3.5e-023	NC_003888.3_2348640_-_4mC	11.13	tp	0
1-SAAGCCCGNSVV	STREME-1	3.5e-023	NC_003888.3_877585_-_4mC	11.13	tp	0
1-SAAGCCCGNSVV	STREME-1	3.5e-023	NC_003888.3_4632106_-_4mC	11.13	tp	0
1-SAAGCCCGNSVV	STREME-1	3.5e-023	NC_003888.3_5166542_+_4mC	11.13	tp	0
1-SAAGCCCGNSVV	STREME-1	3.5e-023	NC_003888.3_4797944_-_4mC	11.12	tp	0
1-SAAGCCCGNSVV	STREME-1	3.5e-023	NC_003888.3_3846945_-_4mC	11.12	fp	0
1-SAAGCCCGNSVV	STREME-1	3.5e-023	NC_003888.3_4410057_+_4mC	11.10	tp	0
1-SAAGCCCGNSVV	STREME-1	3.5e-023	NC_003888.3_1378796_+_4mC	11.10	tp	0
1-SAAGCCCGNSVV	STREME-1	3.5e-023	NC_003888.3_7123332_+_4mC	11.10	tp	1
1-SAAGCCCGNSVV	STREME-1	3.5e-023	NC_003888.3_1947802_+_4mC	11.10	fp	1
1-SAAGCCCGNSVV	STREME-1	3.5e-023	NC_003888.3_2558069_+_4mC	11.10	tp	0
1-SAAGCCCGNSVV	STREME-1	3.5e-023	NC_003888.3_7084379_+_4mC	11.08	tp	0
1-SAAGCCCGNSVV	STREME-1	3.5e-023	NC_003888.3_3055831_+_4mC	11.08	tp	0
1-SAAGCCCGNSVV	STREME-1	3.5e-023	NC_003888.3_8305092_+_4mC	11.08	tp	1
1-SAAGCCCGNSVV	STREME-1	3.5e-023	NC_003888.3_582575_+_4mC	11.08	tp	1
1-SAAGCCCGNSVV	STREME-1	3.5e-023	NC_003888.3_6624379_+_4mC	11.08	tp	0
1-SAAGCCCGNSVV	STREME-1	3.5e-023	NC_003888.3_6566619_+_4mC	11.08	tp	0
1-SAAGCCCGNSVV	STREME-1	3.5e-023	NC_003888.3_3308749_-_4mC	11.08	tp	0
1-SAAGCCCGNSVV	STREME-1	3.5e-023	NC_003888.3_4881949_+_4mC	11.07	tp	0
1-SAAGCCCGNSVV	STREME-1	3.5e-023	NC_003888.3_7055994_+_4mC	11.07	tp	1
1-SAAGCCCGNSVV	STREME-1	3.5e-023	NC_003888.3_72034_+_4mC	11.07	tp	1
1-SAAGCCCGNSVV	STREME-1	3.5e-023	NC_003888.3_8667375_+_4mC	11.07	tp	0
1-SAAGCCCGNSVV	STREME-1	3.5e-023	NC_003888.3_8479407_+_4mC	11.07	tp	0
1-SAAGCCCGNSVV	STREME-1	3.5e-023	NC_003888.3_7272287_+_4mC	11.07	tp	0
1-SAAGCCCGNSVV	STREME-1	3.5e-023	NC_003888.3_7279029_+_4mC	11.07	tp	0
1-SAAGCCCGNSVV	STREME-1	3.5e-023	NC_003888.3_5559293_+_4mC	11.07	tp	0
1-SAAGCCCGNSVV	STREME-1	3.5e-023	NC_003888.3_2411419_+_4mC	11.07	tp	0
1-SAAGCCCGNSVV	STREME-1	3.5e-023	NC_003888.3_6783980_+_4mC	11.04	tp	0
1-SAAGCCCGNSVV	STREME-1	3.5e-023	NC_003888.3_5118401_-_4mC	11.04	tp	0
1-SAAGCCCGNSVV	STREME-1	3.5e-023	NC_003888.3_5544479_-_4mC	11.04	tp	0
1-SAAGCCCGNSVV	STREME-1	3.5e-023	NC_003888.3_4697974_-_4mC	11.04	tp	0
1-SAAGCCCGNSVV	STREME-1	3.5e-023	NC_003888.3_7688186_-_4mC	11.04	tp	0
1-SAAGCCCGNSVV	STREME-1	3.5e-023	NC_003888.3_4994698_+_4mC	11.04	tp	0
1-SAAGCCCGNSVV	STREME-1	3.5e-023	NC_003888.3_2348640_-_4mC	11.04	fp	0
1-SAAGCCCGNSVV	STREME-1	3.5e-023	NC_003888.3_4985945_+_4mC	11.03	tp	0
1-SAAGCCCGNSVV	STREME-1	3.5e-023	NC_003888.3_6737694_+_4mC	11.03	tp	1
1-SAAGCCCGNSVV	STREME-1	3.5e-023	NC_003888.3_2400282_+_4mC	11.01	tp	0
1-SAAGCCCGNSVV	STREME-1	3.5e-023	NC_003888.3_3122770_+_4mC	11.01	tp	0
1-SAAGCCCGNSVV	STREME-1	3.5e-023	NC_003888.3_4695348_+_4mC	11.00	tp	0
1-SAAGCCCGNSVV	STREME-1	3.5e-023	NC_003888.3_5136510_+_4mC	10.99	tp	0
1-SAAGCCCGNSVV	STREME-1	3.5e-023	NC_003888.3_43757_+_4mC	10.98	tp	0
1-SAAGCCCGNSVV	STREME-1	3.5e-023	NC_003888.3_4608287_+_4mC	10.95	tp	0
1-SAAGCCCGNSVV	STREME-1	3.5e-023	NC_003888.3_1178741_+_4mC	10.95	tp	0
1-SAAGCCCGNSVV	STREME-1	3.5e-023	NC_003888.3_837141_+_4mC	10.95	tp	0
1-SAAGCCCGNSVV	STREME-1	3.5e-023	NC_003888.3_687163_+_4mC	10.93	tp	0
1-SAAGCCCGNSVV	STREME-1	3.5e-023	NC_003888.3_2101739_+_4mC	10.93	fp	0
1-SAAGCCCGNSVV	STREME-1	3.5e-023	NC_003888.3_4727616_+_4mC	10.93	fp	1
1-SAAGCCCGNSVV	STREME-1	3.5e-023	NC_003888.3_5878395_+_4mC	10.93	tp	0
1-SAAGCCCGNSVV	STREME-1	3.5e-023	NC_003888.3_7149600_+_4mC	10.92	tp	0
1-SAAGCCCGNSVV	STREME-1	3.5e-023	NC_003888.3_6710221_+_4mC	10.92	tp	0
1-SAAGCCCGNSVV	STREME-1	3.5e-023	NC_003888.3_4134420_+_4mC	10.92	tp	0
1-SAAGCCCGNSVV	STREME-1	3.5e-023	NC_003888.3_1172271_+_4mC	10.92	tp	0
1-SAAGCCCGNSVV	STREME-1	3.5e-023	NC_003888.3_648454_+_4mC	10.92	tp	0
1-SAAGCCCGNSVV	STREME-1	3.5e-023	NC_003888.3_796249_+_4mC	10.92	tp	0
1-SAAGCCCGNSVV	STREME-1	3.5e-023	NC_003888.3_1635829_+_4mC	10.92	tp	0
1-SAAGCCCGNSVV	STREME-1	3.5e-023	NC_003888.3_1492595_+_4mC	10.92	tp	0
1-SAAGCCCGNSVV	STREME-1	3.5e-023	NC_003888.3_5520875_+_4mC	10.90	tp	0
1-SAAGCCCGNSVV	STREME-1	3.5e-023	NC_003888.3_2274046_+_4mC	10.89	tp	0
1-SAAGCCCGNSVV	STREME-1	3.5e-023	NC_003888.3_7546049_+_4mC	10.89	tp	0
1-SAAGCCCGNSVV	STREME-1	3.5e-023	NC_003888.3_4355494_+_4mC	10.89	tp	0
1-SAAGCCCGNSVV	STREME-1	3.5e-023	NC_003888.3_3591029_+_4mC	10.86	fp	1
1-SAAGCCCGNSVV	STREME-1	3.5e-023	NC_003888.3_1249047_+_4mC	10.84	tp	0
1-SAAGCCCGNSVV	STREME-1	3.5e-023	NC_003888.3_946276_+_4mC	10.84	tp	0
1-SAAGCCCGNSVV	STREME-1	3.5e-023	NC_003888.3_2340865_+_4mC	10.84	tp	0
1-SAAGCCCGNSVV	STREME-1	3.5e-023	NC_003888.3_2423337_+_4mC	10.84	tp	0
1-SAAGCCCGNSVV	STREME-1	3.5e-023	NC_003888.3_6165415_+_4mC	10.84	tp	0
1-SAAGCCCGNSVV	STREME-1	3.5e-023	NC_003888.3_7365589_+_4mC	10.84	tp	0
1-SAAGCCCGNSVV	STREME-1	3.5e-023	NC_003888.3_7828782_+_4mC	10.84	tp	0
1-SAAGCCCGNSVV	STREME-1	3.5e-023	NC_003888.3_5555378_+_4mC	10.84	tp	0
1-SAAGCCCGNSVV	STREME-1	3.5e-023	NC_003888.3_7135550_+_4mC	10.83	tp	1
1-SAAGCCCGNSVV	STREME-1	3.5e-023	NC_003888.3_5261452_+_4mC	10.83	tp	1
1-SAAGCCCGNSVV	STREME-1	3.5e-023	NC_003888.3_718701_+_4mC	10.82	tp	0
1-SAAGCCCGNSVV	STREME-1	3.5e-023	NC_003888.3_1214418_+_4mC	10.82	tp	0
1-SAAGCCCGNSVV	STREME-1	3.5e-023	NC_003888.3_1482814_-_4mC	10.82	tp	0
1-SAAGCCCGNSVV	STREME-1	3.5e-023	NC_003888.3_1517615_+_4mC	10.81	tp	0
1-SAAGCCCGNSVV	STREME-1	3.5e-023	NC_003888.3_1172271_+_4mC	10.81	fp	0
1-SAAGCCCGNSVV	STREME-1	3.5e-023	NC_003888.3_5407715_+_4mC	10.79	tp	0
1-SAAGCCCGNSVV	STREME-1	3.5e-023	NC_003888.3_1545518_-_4mC	10.79	tp	0
1-SAAGCCCGNSVV	STREME-1	3.5e-023	NC_003888.3_4380834_+_4mC	10.77	tp	0
1-SAAGCCCGNSVV	STREME-1	3.5e-023	NC_003888.3_5325248_+_4mC	10.77	tp	0
1-SAAGCCCGNSVV	STREME-1	3.5e-023	NC_003888.3_5147472_+_4mC	10.77	tp	0
1-SAAGCCCGNSVV	STREME-1	3.5e-023	NC_003888.3_5190166_+_4mC	10.77	tp	0
1-SAAGCCCGNSVV	STREME-1	3.5e-023	NC_003888.3_7940633_+_4mC	10.77	tp	0
1-SAAGCCCGNSVV	STREME-1	3.5e-023	NC_003888.3_516900_+_4mC	10.77	tp	0
1-SAAGCCCGNSVV	STREME-1	3.5e-023	NC_003888.3_3358878_+_4mC	10.77	tp	0
1-SAAGCCCGNSVV	STREME-1	3.5e-023	NC_003888.3_1677543_+_4mC	10.77	tp	0
1-SAAGCCCGNSVV	STREME-1	3.5e-023	NC_003888.3_2557822_+_4mC	10.77	tp	0
1-SAAGCCCGNSVV	STREME-1	3.5e-023	NC_003888.3_3337694_+_4mC	10.77	fp	0
1-SAAGCCCGNSVV	STREME-1	3.5e-023	NC_003888.3_6879645_+_4mC	10.77	fp	0
1-SAAGCCCGNSVV	STREME-1	3.5e-023	NC_003888.3_8545048_+_4mC	10.77	tp	0
1-SAAGCCCGNSVV	STREME-1	3.5e-023	NC_003888.3_2421170_+_4mC	10.77	tp	0
1-SAAGCCCGNSVV	STREME-1	3.5e-023	NC_003888.3_1180884_+_4mC	10.77	tp	0
1-SAAGCCCGNSVV	STREME-1	3.5e-023	NC_003888.3_3947113_+_4mC	10.77	tp	0
1-SAAGCCCGNSVV	STREME-1	3.5e-023	NC_003888.3_1514771_-_4mC	10.77	fp	0
1-SAAGCCCGNSVV	STREME-1	3.5e-023	NC_003888.3_5395951_+_4mC	10.75	tp	0
1-SAAGCCCGNSVV	STREME-1	3.5e-023	NC_003888.3_5395971_+_4mC	10.75	tp	0
1-SAAGCCCGNSVV	STREME-1	3.5e-023	NC_003888.3_5395921_+_4mC	10.75	tp	0
1-SAAGCCCGNSVV	STREME-1	3.5e-023	NC_003888.3_2109009_+_4mC	10.75	tp	0
1-SAAGCCCGNSVV	STREME-1	3.5e-023	NC_003888.3_542614_+_4mC	10.73	tp	0
1-SAAGCCCGNSVV	STREME-1	3.5e-023	NC_003888.3_6164130_+_4mC	10.73	tp	0
1-SAAGCCCGNSVV	STREME-1	3.5e-023	NC_003888.3_6235828_+_4mC	10.72	tp	0
1-SAAGCCCGNSVV	STREME-1	3.5e-023	NC_003888.3_8384281_+_4mC	10.72	tp	0
1-SAAGCCCGNSVV	STREME-1	3.5e-023	NC_003888.3_4309906_+_4mC	10.72	tp	1
1-SAAGCCCGNSVV	STREME-1	3.5e-023	NC_003888.3_1520590_+_4mC	10.71	tp	1
1-SAAGCCCGNSVV	STREME-1	3.5e-023	NC_003888.3_4079732_+_4mC	10.71	tp	0
1-SAAGCCCGNSVV	STREME-1	3.5e-023	NC_003888.3_831767_+_4mC	10.71	tp	0
1-SAAGCCCGNSVV	STREME-1	3.5e-023	NC_003888.3_4699723_+_4mC	10.69	tp	0
1-SAAGCCCGNSVV	STREME-1	3.5e-023	NC_003888.3_2504544_+_4mC	10.69	tp	0
1-SAAGCCCGNSVV	STREME-1	3.5e-023	NC_003888.3_255674_+_4mC	10.69	tp	0
1-SAAGCCCGNSVV	STREME-1	3.5e-023	NC_003888.3_7258420_+_4mC	10.69	tp	0
1-SAAGCCCGNSVV	STREME-1	3.5e-023	NC_003888.3_1608887_+_4mC	10.69	tp	0
1-SAAGCCCGNSVV	STREME-1	3.5e-023	NC_003888.3_3885940_+_4mC	10.69	tp	0
1-SAAGCCCGNSVV	STREME-1	3.5e-023	NC_003888.3_2005475_+_4mC	10.69	tp	0
1-SAAGCCCGNSVV	STREME-1	3.5e-023	NC_003888.3_4132163_+_4mC	10.69	tp	0
1-SAAGCCCGNSVV	STREME-1	3.5e-023	NC_003888.3_1508044_+_4mC	10.69	tp	0
1-SAAGCCCGNSVV	STREME-1	3.5e-023	NC_003888.3_3713383_+_4mC	10.69	tp	0
1-SAAGCCCGNSVV	STREME-1	3.5e-023	NC_003888.3_648454_+_4mC	10.69	fp	0
1-SAAGCCCGNSVV	STREME-1	3.5e-023	NC_003888.3_3770476_-_4mC	10.69	fp	0
1-SAAGCCCGNSVV	STREME-1	3.5e-023	NC_003888.3_7775319_+_4mC	10.69	tp	0
1-SAAGCCCGNSVV	STREME-1	3.5e-023	NC_003888.3_1751552_+_4mC	10.69	tp	0
1-SAAGCCCGNSVV	STREME-1	3.5e-023	NC_003888.3_6763995_+_4mC	10.69	tp	0
1-SAAGCCCGNSVV	STREME-1	3.5e-023	NC_003888.3_5272251_+_4mC	10.68	tp	0
1-SAAGCCCGNSVV	STREME-1	3.5e-023	NC_003888.3_3291269_+_4mC	10.68	tp	0
1-SAAGCCCGNSVV	STREME-1	3.5e-023	NC_003888.3_210348_+_4mC	10.68	tp	0
1-SAAGCCCGNSVV	STREME-1	3.5e-023	NC_003888.3_4848652_+_4mC	10.68	fp	0
1-SAAGCCCGNSVV	STREME-1	3.5e-023	NC_003888.3_6833704_+_4mC	10.68	tp	1
1-SAAGCCCGNSVV	STREME-1	3.5e-023	NC_003888.3_4465007_+_4mC	10.65	tp	0
1-SAAGCCCGNSVV	STREME-1	3.5e-023	NC_003888.3_4168542_+_4mC	10.65	tp	0
1-SAAGCCCGNSVV	STREME-1	3.5e-023	NC_003888.3_7021009_+_4mC	10.64	tp	0
1-SAAGCCCGNSVV	STREME-1	3.5e-023	NC_003888.3_4987418_+_4mC	10.64	tp	0
1-SAAGCCCGNSVV	STREME-1	3.5e-023	NC_003888.3_6957413_+_4mC	10.64	tp	1
1-SAAGCCCGNSVV	STREME-1	3.5e-023	NC_003888.3_5944393_+_4mC	10.64	tp	1
1-SAAGCCCGNSVV	STREME-1	3.5e-023	NC_003888.3_3658324_+_4mC	10.64	tp	0
1-SAAGCCCGNSVV	STREME-1	3.5e-023	NC_003888.3_337722_+_4mC	10.64	tp	0
1-SAAGCCCGNSVV	STREME-1	3.5e-023	NC_003888.3_4727616_+_4mC	10.64	tp	0
1-SAAGCCCGNSVV	STREME-1	3.5e-023	NC_003888.3_6270574_+_4mC	10.62	fp	1
1-SAAGCCCGNSVV	STREME-1	3.5e-023	NC_003888.3_6065126_+_4mC	10.62	tp	0
1-SAAGCCCGNSVV	STREME-1	3.5e-023	NC_003888.3_1944704_+_4mC	10.62	tp	0
1-SAAGCCCGNSVV	STREME-1	3.5e-023	NC_003888.3_516576_+_4mC	10.62	tp	0
1-SAAGCCCGNSVV	STREME-1	3.5e-023	NC_003888.3_3866953_+_4mC	10.62	tp	0
1-SAAGCCCGNSVV	STREME-1	3.5e-023	NC_003888.3_506105_+_4mC	10.62	fp	0
1-SAAGCCCGNSVV	STREME-1	3.5e-023	NC_003888.3_3747975_-_4mC	10.62	tp	0
1-SAAGCCCGNSVV	STREME-1	3.5e-023	NC_003888.3_6569912_-_4mC	10.62	tp	0
1-SAAGCCCGNSVV	STREME-1	3.5e-023	NC_003888.3_3880598_-_4mC	10.61	tp	0
1-SAAGCCCGNSVV	STREME-1	3.5e-023	NC_003888.3_6021312_-_4mC	10.61	tp	1
1-SAAGCCCGNSVV	STREME-1	3.5e-023	NC_003888.3_4506744_+_4mC	10.61	tp	0
1-SAAGCCCGNSVV	STREME-1	3.5e-023	NC_003888.3_3909883_+_4mC	10.61	tp	0
1-SAAGCCCGNSVV	STREME-1	3.5e-023	NC_003888.3_3798573_+_4mC	10.61	tp	0
1-SAAGCCCGNSVV	STREME-1	3.5e-023	NC_003888.3_7107821_+_4mC	10.61	tp	0
1-SAAGCCCGNSVV	STREME-1	3.5e-023	NC_003888.3_8357431_-_4mC	10.61	fp	0
1-SAAGCCCGNSVV	STREME-1	3.5e-023	NC_003888.3_1769203_-_4mC	10.61	tp	0
1-SAAGCCCGNSVV	STREME-1	3.5e-023	NC_003888.3_2446820_-_4mC	10.61	tp	0
1-SAAGCCCGNSVV	STREME-1	3.5e-023	NC_003888.3_918104_-_4mC	10.61	tp	0
1-SAAGCCCGNSVV	STREME-1	3.5e-023	NC_003888.3_2556412_-_4mC	10.61	tp	0
1-SAAGCCCGNSVV	STREME-1	3.5e-023	NC_003888.3_5129575_-_4mC	10.61	tp	0
1-SAAGCCCGNSVV	STREME-1	3.5e-023	NC_003888.3_5835203_+_4mC	10.61	tp	1
1-SAAGCCCGNSVV	STREME-1	3.5e-023	NC_003888.3_8572427_+_4mC	10.61	tp	0
1-SAAGCCCGNSVV	STREME-1	3.5e-023	NC_003888.3_3467475_+_4mC	10.61	tp	0
1-SAAGCCCGNSVV	STREME-1	3.5e-023	NC_003888.3_2101739_+_4mC	10.61	tp	0
1-SAAGCCCGNSVV	STREME-1	3.5e-023	NC_003888.3_2318181_+_4mC	10.61	tp	0
1-SAAGCCCGNSVV	STREME-1	3.5e-023	NC_003888.3_4166180_+_4mC	10.61	tp	0
1-SAAGCCCGNSVV	STREME-1	3.5e-023	NC_003888.3_1147656_+_4mC	10.61	tp	0
1-SAAGCCCGNSVV	STREME-1	3.5e-023	NC_003888.3_2021788_+_4mC	10.61	tp	0
1-SAAGCCCGNSVV	STREME-1	3.5e-023	NC_003888.3_506105_+_4mC	10.61	tp	0
1-SAAGCCCGNSVV	STREME-1	3.5e-023	NC_003888.3_5656029_-_4mC	10.60	fp	0
1-SAAGCCCGNSVV	STREME-1	3.5e-023	NC_003888.3_5557463_+_4mC	10.58	tp	0
1-SAAGCCCGNSVV	STREME-1	3.5e-023	NC_003888.3_4137013_+_4mC	10.58	tp	0
1-SAAGCCCGNSVV	STREME-1	3.5e-023	NC_003888.3_1517367_+_4mC	10.58	tp	0
1-SAAGCCCGNSVV	STREME-1	3.5e-023	NC_003888.3_2405964_+_4mC	10.58	tp	0
1-SAAGCCCGNSVV	STREME-1	3.5e-023	NC_003888.3_190484_+_4mC	10.54	tp	0
1-SAAGCCCGNSVV	STREME-1	3.5e-023	NC_003888.3_7589279_+_4mC	10.54	tp	0
1-SAAGCCCGNSVV	STREME-1	3.5e-023	NC_003888.3_166678_+_4mC	10.54	tp	0
1-SAAGCCCGNSVV	STREME-1	3.5e-023	NC_003888.3_5094703_+_4mC	10.52	tp	0
1-SAAGCCCGNSVV	STREME-1	3.5e-023	NC_003888.3_6638960_+_4mC	10.52	tp	0
1-SAAGCCCGNSVV	STREME-1	3.5e-023	NC_003888.3_8086520_+_4mC	10.52	tp	0
1-SAAGCCCGNSVV	STREME-1	3.5e-023	NC_003888.3_4181531_+_4mC	10.50	tp	0
1-SAAGCCCGNSVV	STREME-1	3.5e-023	NC_003888.3_8533997_-_4mC	10.50	tp	0
1-SAAGCCCGNSVV	STREME-1	3.5e-023	NC_003888.3_101063_+_4mC	10.49	tp	0
1-SAAGCCCGNSVV	STREME-1	3.5e-023	NC_003888.3_7878305_+_4mC	10.49	tp	0
1-SAAGCCCGNSVV	STREME-1	3.5e-023	NC_003888.3_2517065_+_4mC	10.49	tp	0
1-SAAGCCCGNSVV	STREME-1	3.5e-023	NC_003888.3_7878305_+_4mC	10.49	fp	0
1-SAAGCCCGNSVV	STREME-1	3.5e-023	NC_003888.3_3458072_+_4mC	10.46	tp	0
1-SAAGCCCGNSVV	STREME-1	3.5e-023	NC_003888.3_5598036_+_4mC	10.46	fp	0
1-SAAGCCCGNSVV	STREME-1	3.5e-023	NC_003888.3_1772490_+_4mC	10.46	tp	0
1-SAAGCCCGNSVV	STREME-1	3.5e-023	NC_003888.3_1823844_+_4mC	10.46	tp	0
1-SAAGCCCGNSVV	STREME-1	3.5e-023	NC_003888.3_6519312_+_4mC	10.46	tp	0
1-SAAGCCCGNSVV	STREME-1	3.5e-023	NC_003888.3_2571894_+_4mC	10.46	tp	0
1-SAAGCCCGNSVV	STREME-1	3.5e-023	NC_003888.3_3296344_+_4mC	10.46	tp	0
1-SAAGCCCGNSVV	STREME-1	3.5e-023	NC_003888.3_5269073_+_4mC	10.46	tp	0
1-SAAGCCCGNSVV	STREME-1	3.5e-023	NC_003888.3_5593073_+_4mC	10.46	tp	0
1-SAAGCCCGNSVV	STREME-1	3.5e-023	NC_003888.3_1740723_+_4mC	10.46	fp	0
1-SAAGCCCGNSVV	STREME-1	3.5e-023	NC_003888.3_571327_+_4mC	10.45	tp	0
1-SAAGCCCGNSVV	STREME-1	3.5e-023	NC_003888.3_59894_+_4mC	10.45	tp	0
1-SAAGCCCGNSVV	STREME-1	3.5e-023	NC_003888.3_6325887_+_4mC	10.43	tp	1
1-SAAGCCCGNSVV	STREME-1	3.5e-023	NC_003888.3_3825686_+_4mC	10.42	tp	0
1-SAAGCCCGNSVV	STREME-1	3.5e-023	NC_003888.3_3826788_+_4mC	10.42	tp	0
1-SAAGCCCGNSVV	STREME-1	3.5e-023	NC_003888.3_3907584_+_4mC	10.42	tp	0
1-SAAGCCCGNSVV	STREME-1	3.5e-023	NC_003888.3_82124_-_4mC	10.42	tp	0
1-SAAGCCCGNSVV	STREME-1	3.5e-023	NC_003888.3_6965958_-_4mC	10.42	tp	0
1-SAAGCCCGNSVV	STREME-1	3.5e-023	NC_003888.3_609832_+_4mC	10.42	tp	0
1-SAAGCCCGNSVV	STREME-1	3.5e-023	NC_003888.3_7676156_-_4mC	10.42	tp	1
1-SAAGCCCGNSVV	STREME-1	3.5e-023	NC_003888.3_6112596_+_4mC	10.42	tp	0
1-SAAGCCCGNSVV	STREME-1	3.5e-023	NC_003888.3_977524_-_4mC	10.42	tp	0
1-SAAGCCCGNSVV	STREME-1	3.5e-023	NC_003888.3_6712374_+_4mC	10.42	tp	0
1-SAAGCCCGNSVV	STREME-1	3.5e-023	NC_003888.3_7394595_-_4mC	10.42	tp	0
1-SAAGCCCGNSVV	STREME-1	3.5e-023	NC_003888.3_7394595_-_4mC	10.42	fp	0
1-SAAGCCCGNSVV	STREME-1	3.5e-023	NC_003888.3_7560767_+_4mC	10.41	tp	0
1-SAAGCCCGNSVV	STREME-1	3.5e-023	NC_003888.3_229692_-_4mC	10.41	tp	0
1-SAAGCCCGNSVV	STREME-1	3.5e-023	NC_003888.3_2419229_+_4mC	10.38	tp	0
1-SAAGCCCGNSVV	STREME-1	3.5e-023	NC_003888.3_4141755_+_4mC	10.38	tp	0
1-SAAGCCCGNSVV	STREME-1	3.5e-023	NC_003888.3_7072454_+_4mC	10.38	tp	0
1-SAAGCCCGNSVV	STREME-1	3.5e-023	NC_003888.3_6835504_+_4mC	10.38	tp	0
1-SAAGCCCGNSVV	STREME-1	3.5e-023	NC_003888.3_6494653_+_4mC	10.38	tp	0
1-SAAGCCCGNSVV	STREME-1	3.5e-023	NC_003888.3_5937948_+_4mC	10.38	tp	0
1-SAAGCCCGNSVV	STREME-1	3.5e-023	NC_003888.3_1400220_+_4mC	10.38	tp	1
1-SAAGCCCGNSVV	STREME-1	3.5e-023	NC_003888.3_2558069_+_4mC	10.38	fp	1
1-SAAGCCCGNSVV	STREME-1	3.5e-023	NC_003888.3_8541413_+_4mC	10.38	tp	0
1-SAAGCCCGNSVV	STREME-1	3.5e-023	NC_003888.3_5472916_-_4mC	10.36	tp	0
1-SAAGCCCGNSVV	STREME-1	3.5e-023	NC_003888.3_7376406_+_4mC	10.36	tp	0
1-SAAGCCCGNSVV	STREME-1	3.5e-023	NC_003888.3_2713589_+_4mC	10.36	tp	0
1-SAAGCCCGNSVV	STREME-1	3.5e-023	NC_003888.3_761715_+_4mC	10.35	tp	0
1-SAAGCCCGNSVV	STREME-1	3.5e-023	NC_003888.3_3186657_+_4mC	10.35	tp	0
1-SAAGCCCGNSVV	STREME-1	3.5e-023	NC_003888.3_6059030_+_4mC	10.35	tp	0
1-SAAGCCCGNSVV	STREME-1	3.5e-023	NC_003888.3_5577934_+_4mC	10.34	fp	1
1-SAAGCCCGNSVV	STREME-1	3.5e-023	NC_003888.3_5631610_+_4mC	10.34	tp	0
1-SAAGCCCGNSVV	STREME-1	3.5e-023	NC_003888.3_4763020_+_4mC	10.33	tp	0
1-SAAGCCCGNSVV	STREME-1	3.5e-023	NC_003888.3_7077662_+_4mC	10.31	tp	0
1-SAAGCCCGNSVV	STREME-1	3.5e-023	NC_003888.3_7620812_-_4mC	10.31	tp	0
1-SAAGCCCGNSVV	STREME-1	3.5e-023	NC_003888.3_7441182_+_4mC	10.31	tp	0
1-SAAGCCCGNSVV	STREME-1	3.5e-023	NC_003888.3_4117355_+_4mC	10.31	tp	0
1-SAAGCCCGNSVV	STREME-1	3.5e-023	NC_003888.3_6237538_+_4mC	10.31	tp	0
1-SAAGCCCGNSVV	STREME-1	3.5e-023	NC_003888.3_7457899_+_4mC	10.31	tp	0
1-SAAGCCCGNSVV	STREME-1	3.5e-023	NC_003888.3_3532297_+_4mC	10.31	tp	0
1-SAAGCCCGNSVV	STREME-1	3.5e-023	NC_003888.3_3521393_+_4mC	10.29	fp	0
1-SAAGCCCGNSVV	STREME-1	3.5e-023	NC_003888.3_5656029_-_4mC	10.28	tp	0
1-SAAGCCCGNSVV	STREME-1	3.5e-023	NC_003888.3_1952090_-_4mC	10.28	tp	0
1-SAAGCCCGNSVV	STREME-1	3.5e-023	NC_003888.3_2571894_+_4mC	10.27	fp	0
1-SAAGCCCGNSVV	STREME-1	3.5e-023	NC_003888.3_7783702_+_4mC	10.26	tp	0
1-SAAGCCCGNSVV	STREME-1	3.5e-023	NC_003888.3_6711771_+_4mC	10.24	tp	0
1-SAAGCCCGNSVV	STREME-1	3.5e-023	NC_003888.3_7061831_+_4mC	10.20	tp	0
1-SAAGCCCGNSVV	STREME-1	3.5e-023	NC_003888.3_8630084_+_4mC	10.20	tp	1
1-SAAGCCCGNSVV	STREME-1	3.5e-023	NC_003888.3_299931_+_4mC	10.18	tp	0
1-SAAGCCCGNSVV	STREME-1	3.5e-023	NC_003888.3_6270574_+_4mC	10.17	tp	0
1-SAAGCCCGNSVV	STREME-1	3.5e-023	NC_003888.3_4531251_+_4mC	10.17	tp	0
1-SAAGCCCGNSVV	STREME-1	3.5e-023	NC_003888.3_4588615_+_4mC	10.14	tp	0
1-SAAGCCCGNSVV	STREME-1	3.5e-023	NC_003888.3_2213236_-_4mC	10.14	fp	0
1-SAAGCCCGNSVV	STREME-1	3.5e-023	NC_003888.3_2268734_+_4mC	10.13	tp	0
1-SAAGCCCGNSVV	STREME-1	3.5e-023	NC_003888.3_357893_+_4mC	10.12	tp	1
1-SAAGCCCGNSVV	STREME-1	3.5e-023	NC_003888.3_5973372_+_4mC	10.12	tp	0
1-SAAGCCCGNSVV	STREME-1	3.5e-023	NC_003888.3_3752372_+_4mC	10.12	tp	0
1-SAAGCCCGNSVV	STREME-1	3.5e-023	NC_003888.3_5351755_+_4mC	10.12	tp	1
1-SAAGCCCGNSVV	STREME-1	3.5e-023	NC_003888.3_3148889_+_4mC	10.08	tp	1
1-SAAGCCCGNSVV	STREME-1	3.5e-023	NC_003888.3_7721110_+_4mC	10.07	tp	0
1-SAAGCCCGNSVV	STREME-1	3.5e-023	NC_003888.3_397250_+_4mC	10.07	tp	0
1-SAAGCCCGNSVV	STREME-1	3.5e-023	NC_003888.3_3643984_-_4mC	10.06	tp	0
1-SAAGCCCGNSVV	STREME-1	3.5e-023	NC_003888.3_2478199_-_4mC	10.06	tp	1
1-SAAGCCCGNSVV	STREME-1	3.5e-023	NC_003888.3_4829049_+_4mC	10.02	tp	0
1-SAAGCCCGNSVV	STREME-1	3.5e-023	NC_003888.3_2066366_+_4mC	10.02	tp	0
1-SAAGCCCGNSVV	STREME-1	3.5e-023	NC_003888.3_8610825_+_4mC	10.02	tp	0
1-SAAGCCCGNSVV	STREME-1	3.5e-023	NC_003888.3_7105964_+_4mC	10.01	tp	0
1-SAAGCCCGNSVV	STREME-1	3.5e-023	NC_003888.3_2669785_-_4mC	10.01	tp	0
1-SAAGCCCGNSVV	STREME-1	3.5e-023	NC_003888.3_826412_+_4mC	10.01	tp	0
1-SAAGCCCGNSVV	STREME-1	3.5e-023	NC_003888.3_6547216_+_4mC	10.01	tp	0
1-SAAGCCCGNSVV	STREME-1	3.5e-023	NC_003888.3_913157_+_4mC	9.99	tp	0
1-SAAGCCCGNSVV	STREME-1	3.5e-023	NC_003888.3_6086084_-_4mC	9.99	fp	0
1-SAAGCCCGNSVV	STREME-1	3.5e-023	NC_003888.3_4575039_+_4mC	9.99	tp	1
1-SAAGCCCGNSVV	STREME-1	3.5e-023	NC_003888.3_2211697_-_4mC	9.98	tp	0
1-SAAGCCCGNSVV	STREME-1	3.5e-023	NC_003888.3_1788766_+_4mC	9.96	tp	1
1-SAAGCCCGNSVV	STREME-1	3.5e-023	NC_003888.3_1589228_+_4mC	9.96	tp	1
1-SAAGCCCGNSVV	STREME-1	3.5e-023	NC_003888.3_8176870_+_4mC	9.96	fp	0
1-SAAGCCCGNSVV	STREME-1	3.5e-023	NC_003888.3_7668617_+_4mC	9.96	tp	0
1-SAAGCCCGNSVV	STREME-1	3.5e-023	NC_003888.3_5453550_+_4mC	9.96	tp	1
1-SAAGCCCGNSVV	STREME-1	3.5e-023	NC_003888.3_3666192_+_4mC	9.96	tp	0
1-SAAGCCCGNSVV	STREME-1	3.5e-023	NC_003888.3_6134070_+_4mC	9.96	tp	0
1-SAAGCCCGNSVV	STREME-1	3.5e-023	NC_003888.3_6220629_-_4mC	9.95	tp	0
1-SAAGCCCGNSVV	STREME-1	3.5e-023	NC_003888.3_2713589_+_4mC	9.95	fp	0
1-SAAGCCCGNSVV	STREME-1	3.5e-023	NC_003888.3_3337559_+_4mC	9.95	tp	0
1-SAAGCCCGNSVV	STREME-1	3.5e-023	NC_003888.3_6716618_-_4mC	9.95	tp	1
1-SAAGCCCGNSVV	STREME-1	3.5e-023	NC_003888.3_6131213_+_4mC	9.92	tp	0
1-SAAGCCCGNSVV	STREME-1	3.5e-023	NC_003888.3_6143028_+_4mC	9.92	tp	0
1-SAAGCCCGNSVV	STREME-1	3.5e-023	NC_003888.3_7328231_+_4mC	9.90	tp	0
1-SAAGCCCGNSVV	STREME-1	3.5e-023	NC_003888.3_2419197_+_4mC	9.88	tp	0
1-SAAGCCCGNSVV	STREME-1	3.5e-023	NC_003888.3_4942232_+_4mC	9.88	tp	0
1-SAAGCCCGNSVV	STREME-1	3.5e-023	NC_003888.3_6203063_+_4mC	9.88	tp	0
1-SAAGCCCGNSVV	STREME-1	3.5e-023	NC_003888.3_3207842_+_4mC	9.88	tp	0
1-SAAGCCCGNSVV	STREME-1	3.5e-023	NC_003888.3_6668900_+_4mC	9.88	tp	0
1-SAAGCCCGNSVV	STREME-1	3.5e-023	NC_003888.3_2078951_+_4mC	9.88	tp	0
1-SAAGCCCGNSVV	STREME-1	3.5e-023	NC_003888.3_1926877_+_4mC	9.88	tp	0
1-SAAGCCCGNSVV	STREME-1	3.5e-023	NC_003888.3_4079732_+_4mC	9.88	fp	1
1-SAAGCCCGNSVV	STREME-1	3.5e-023	NC_003888.3_5260241_+_4mC	9.85	tp	0
1-SAAGCCCGNSVV	STREME-1	3.5e-023	NC_003888.3_6941579_+_4mC	9.85	tp	0
1-SAAGCCCGNSVV	STREME-1	3.5e-023	NC_003888.3_4317752_-_4mC	9.85	tp	0
1-SAAGCCCGNSVV	STREME-1	3.5e-023	NC_003888.3_5135642_+_4mC	9.82	fp	0
1-SAAGCCCGNSVV	STREME-1	3.5e-023	NC_003888.3_5890369_-_4mC	9.78	tp	0
1-SAAGCCCGNSVV	STREME-1	3.5e-023	NC_003888.3_7796769_+_4mC	9.78	tp	0
1-SAAGCCCGNSVV	STREME-1	3.5e-023	NC_003888.3_80987_+_4mC	9.75	tp	0
1-SAAGCCCGNSVV	STREME-1	3.5e-023	NC_003888.3_737000_+_4mC	9.73	fp	0
1-SAAGCCCGNSVV	STREME-1	3.5e-023	NC_003888.3_5189704_+_4mC	9.73	tp	0
1-SAAGCCCGNSVV	STREME-1	3.5e-023	NC_003888.3_2433113_+_4mC	9.73	tp	1
1-SAAGCCCGNSVV	STREME-1	3.5e-023	NC_003888.3_3034685_+_4mC	9.73	tp	1
1-SAAGCCCGNSVV	STREME-1	3.5e-023	NC_003888.3_5081764_+_4mC	9.72	fp	0
1-SAAGCCCGNSVV	STREME-1	3.5e-023	NC_003888.3_2568865_+_4mC	9.70	tp	0
1-SAAGCCCGNSVV	STREME-1	3.5e-023	NC_003888.3_3458072_+_4mC	9.68	fp	0
1-SAAGCCCGNSVV	STREME-1	3.5e-023	NC_003888.3_5685716_+_4mC	9.67	tp	0
1-SAAGCCCGNSVV	STREME-1	3.5e-023	NC_003888.3_5155292_+_4mC	9.67	tp	0
1-SAAGCCCGNSVV	STREME-1	3.5e-023	NC_003888.3_1740723_+_4mC	9.67	tp	0
1-SAAGCCCGNSVV	STREME-1	3.5e-023	NC_003888.3_7948273_+_4mC	9.66	tp	0
1-SAAGCCCGNSVV	STREME-1	3.5e-023	NC_003888.3_2158539_+_4mC	9.66	tp	0
1-SAAGCCCGNSVV	STREME-1	3.5e-023	NC_003888.3_3202932_-_4mC	9.61	fp	0
1-SAAGCCCGNSVV	STREME-1	3.5e-023	NC_003888.3_5561420_+_4mC	9.57	tp	0
1-SAAGCCCGNSVV	STREME-1	3.5e-023	NC_003888.3_7259108_-_4mC	9.55	tp	0
1-SAAGCCCGNSVV	STREME-1	3.5e-023	NC_003888.3_7345073_-_4mC	9.55	tp	0
1-SAAGCCCGNSVV	STREME-1	3.5e-023	NC_003888.3_4256586_+_4mC	9.55	tp	0
1-SAAGCCCGNSVV	STREME-1	3.5e-023	NC_003888.3_3943633_-_4mC	9.55	tp	0
1-SAAGCCCGNSVV	STREME-1	3.5e-023	NC_003888.3_232460_+_4mC	9.53	tp	0
1-SAAGCCCGNSVV	STREME-1	3.5e-023	NC_003888.3_7207909_+_4mC	9.51	tp	0
1-SAAGCCCGNSVV	STREME-1	3.5e-023	NC_003888.3_4275127_+_4mC	9.51	tp	0
1-SAAGCCCGNSVV	STREME-1	3.5e-023	NC_003888.3_5886956_+_4mC	9.51	tp	0
1-SAAGCCCGNSVV	STREME-1	3.5e-023	NC_003888.3_7923190_+_4mC	9.51	tp	0
1-SAAGCCCGNSVV	STREME-1	3.5e-023	NC_003888.3_5520182_+_4mC	9.49	tp	0
1-SAAGCCCGNSVV	STREME-1	3.5e-023	NC_003888.3_4179018_+_4mC	9.46	tp	0
1-SAAGCCCGNSVV	STREME-1	3.5e-023	NC_003888.3_3301970_-_4mC	9.46	fp	0
1-SAAGCCCGNSVV	STREME-1	3.5e-023	NC_003888.3_6216991_+_4mC	9.43	tp	0
1-SAAGCCCGNSVV	STREME-1	3.5e-023	NC_003888.3_1947802_+_4mC	9.43	tp	0
1-SAAGCCCGNSVV	STREME-1	3.5e-023	NC_003888.3_224086_+_4mC	9.43	tp	0
1-SAAGCCCGNSVV	STREME-1	3.5e-023	NC_003888.3_5140256_+_4mC	9.43	tp	1
1-SAAGCCCGNSVV	STREME-1	3.5e-023	NC_003888.3_365996_+_4mC	9.39	tp	0
1-SAAGCCCGNSVV	STREME-1	3.5e-023	NC_003888.3_5285166_+_4mC	9.39	tp	0
1-SAAGCCCGNSVV	STREME-1	3.5e-023	NC_003888.3_7473396_+_4mC	9.39	tp	0
1-SAAGCCCGNSVV	STREME-1	3.5e-023	NC_003888.3_7905882_+_4mC	9.39	tp	0
1-SAAGCCCGNSVV	STREME-1	3.5e-023	NC_003888.3_7636114_+_4mC	9.39	tp	0
1-SAAGCCCGNSVV	STREME-1	3.5e-023	NC_003888.3_7849065_+_4mC	9.39	tp	0
1-SAAGCCCGNSVV	STREME-1	3.5e-023	NC_003888.3_7084379_+_4mC	9.38	fp	0
1-SAAGCCCGNSVV	STREME-1	3.5e-023	NC_003888.3_1923564_+_4mC	9.36	tp	0
1-SAAGCCCGNSVV	STREME-1	3.5e-023	NC_003888.3_8660182_+_4mC	9.35	tp	0
1-SAAGCCCGNSVV	STREME-1	3.5e-023	NC_003888.3_327704_+_4mC	9.35	tp	1
1-SAAGCCCGNSVV	STREME-1	3.5e-023	NC_003888.3_4454320_+_4mC	9.30	tp	0
1-SAAGCCCGNSVV	STREME-1	3.5e-023	NC_003888.3_6350489_+_4mC	9.29	tp	0
1-SAAGCCCGNSVV	STREME-1	3.5e-023	NC_003888.3_4763288_+_4mC	9.27	fp	0
1-SAAGCCCGNSVV	STREME-1	3.5e-023	NC_003888.3_6062207_+_4mC	9.27	tp	0
1-SAAGCCCGNSVV	STREME-1	3.5e-023	NC_003888.3_7060751_+_4mC	9.27	tp	0
1-SAAGCCCGNSVV	STREME-1	3.5e-023	NC_003888.3_798230_+_4mC	9.19	tp	0
1-SAAGCCCGNSVV	STREME-1	3.5e-023	NC_003888.3_391208_+_4mC	9.16	tp	0
1-SAAGCCCGNSVV	STREME-1	3.5e-023	NC_003888.3_2854566_+_4mC	9.15	tp	1
1-SAAGCCCGNSVV	STREME-1	3.5e-023	NC_003888.3_4761766_-_4mC	9.12	tp	0
1-SAAGCCCGNSVV	STREME-1	3.5e-023	NC_003888.3_2576752_+_4mC	9.12	fp	0
1-SAAGCCCGNSVV	STREME-1	3.5e-023	NC_003888.3_5984879_+_4mC	9.11	tp	0
1-SAAGCCCGNSVV	STREME-1	3.5e-023	NC_003888.3_4303407_+_4mC	9.11	fp	0
1-SAAGCCCGNSVV	STREME-1	3.5e-023	NC_003888.3_5233887_+_4mC	9.08	tp	0
1-SAAGCCCGNSVV	STREME-1	3.5e-023	NC_003888.3_2211697_-_4mC	9.06	fp	0
1-SAAGCCCGNSVV	STREME-1	3.5e-023	NC_003888.3_8465651_+_4mC	9.04	tp	0
1-SAAGCCCGNSVV	STREME-1	3.5e-023	NC_003888.3_2701386_+_4mC	9.04	tp	0
1-SAAGCCCGNSVV	STREME-1	3.5e-023	NC_003888.3_6115120_+_4mC	9.02	tp	1
1-SAAGCCCGNSVV	STREME-1	3.5e-023	NC_003888.3_8030247_+_4mC	9.02	tp	0
1-SAAGCCCGNSVV	STREME-1	3.5e-023	NC_003888.3_5627590_+_4mC	9.02	fp	0
1-SAAGCCCGNSVV	STREME-1	3.5e-023	NC_003888.3_6216961_+_4mC	8.97	tp	0
1-SAAGCCCGNSVV	STREME-1	3.5e-023	NC_003888.3_5369004_+_4mC	8.97	tp	1
1-SAAGCCCGNSVV	STREME-1	3.5e-023	NC_003888.3_5411820_+_4mC	8.97	tp	1
1-SAAGCCCGNSVV	STREME-1	3.5e-023	NC_003888.3_4581919_+_4mC	8.96	tp	0
1-SAAGCCCGNSVV	STREME-1	3.5e-023	NC_003888.3_5541391_+_4mC	8.96	tp	0
1-SAAGCCCGNSVV	STREME-1	3.5e-023	NC_003888.3_6874320_+_4mC	8.96	tp	0
1-SAAGCCCGNSVV	STREME-1	3.5e-023	NC_003888.3_4380753_+_4mC	8.96	tp	1
1-SAAGCCCGNSVV	STREME-1	3.5e-023	NC_003888.3_6862642_+_4mC	8.95	tp	0
1-SAAGCCCGNSVV	STREME-1	3.5e-023	NC_003888.3_977524_-_4mC	8.94	fp	0
1-SAAGCCCGNSVV	STREME-1	3.5e-023	NC_003888.3_3855276_+_4mC	8.88	tp	0
1-SAAGCCCGNSVV	STREME-1	3.5e-023	NC_003888.3_1161374_+_4mC	8.88	fp	0
1-SAAGCCCGNSVV	STREME-1	3.5e-023	NC_003888.3_7048063_+_4mC	8.85	fp	0
1-SAAGCCCGNSVV	STREME-1	3.5e-023	NC_003888.3_4292179_+_4mC	8.84	tp	0
1-SAAGCCCGNSVV	STREME-1	3.5e-023	NC_003888.3_4763288_+_4mC	8.84	tp	0
1-SAAGCCCGNSVV	STREME-1	3.5e-023	NC_003888.3_6485083_+_4mC	8.84	tp	0
1-SAAGCCCGNSVV	STREME-1	3.5e-023	NC_003888.3_5075127_+_4mC	8.84	fp	0
1-SAAGCCCGNSVV	STREME-1	3.5e-023	NC_003888.3_317897_+_4mC	8.83	tp	0
1-SAAGCCCGNSVV	STREME-1	3.5e-023	NC_003888.3_3426869_+_4mC	8.81	tp	0
1-SAAGCCCGNSVV	STREME-1	3.5e-023	NC_003888.3_3426869_+_4mC	8.81	fp	0
1-SAAGCCCGNSVV	STREME-1	3.5e-023	NC_003888.3_648238_+_4mC	8.80	tp	0
1-SAAGCCCGNSVV	STREME-1	3.5e-023	NC_003888.3_5427969_+_4mC	8.77	tp	0
1-SAAGCCCGNSVV	STREME-1	3.5e-023	NC_003888.3_7048063_+_4mC	8.77	tp	0
1-SAAGCCCGNSVV	STREME-1	3.5e-023	NC_003888.3_3322638_+_4mC	8.73	tp	0
1-SAAGCCCGNSVV	STREME-1	3.5e-023	NC_003888.3_8176870_+_4mC	8.70	tp	0
1-SAAGCCCGNSVV	STREME-1	3.5e-023	NC_003888.3_6701834_+_4mC	8.70	tp	1
1-SAAGCCCGNSVV	STREME-1	3.5e-023	NC_003888.3_6058279_+_4mC	8.66	tp	0
1-SAAGCCCGNSVV	STREME-1	3.5e-023	NC_003888.3_4979676_+_4mC	8.64	tp	0
1-SAAGCCCGNSVV	STREME-1	3.5e-023	NC_003888.3_2860901_+_4mC	8.62	tp	0
1-SAAGCCCGNSVV	STREME-1	3.5e-023	NC_003888.3_195946_+_4mC	8.61	tp	0
1-SAAGCCCGNSVV	STREME-1	3.5e-023	NC_003888.3_5075127_+_4mC	8.61	tp	0
1-SAAGCCCGNSVV	STREME-1	3.5e-023	NC_003888.3_5903476_+_4mC	8.50	tp	0
1-SAAGCCCGNSVV	STREME-1	3.5e-023	NC_003888.3_8497865_+_4mC	8.50	tp	0
1-SAAGCCCGNSVV	STREME-1	3.5e-023	NC_003888.3_4763020_+_4mC	8.50	fp	0
1-SAAGCCCGNSVV	STREME-1	3.5e-023	NC_003888.3_5135003_+_4mC	8.41	tp	0
1-SAAGCCCGNSVV	STREME-1	3.5e-023	NC_003888.3_3627017_+_4mC	8.41	tp	0
1-SAAGCCCGNSVV	STREME-1	3.5e-023	NC_003888.3_6007835_+_4mC	8.41	tp	1
1-SAAGCCCGNSVV	STREME-1	3.5e-023	NC_003888.3_4863482_+_4mC	8.38	tp	0
1-SAAGCCCGNSVV	STREME-1	3.5e-023	NC_003888.3_1238002_+_4mC	8.38	tp	0
1-SAAGCCCGNSVV	STREME-1	3.5e-023	NC_003888.3_7272287_+_4mC	8.38	fp	0
1-SAAGCCCGNSVV	STREME-1	3.5e-023	NC_003888.3_6821829_-_4mC	8.38	fp	0
1-SAAGCCCGNSVV	STREME-1	3.5e-023	NC_003888.3_222434_+_4mC	8.34	tp	0
1-SAAGCCCGNSVV	STREME-1	3.5e-023	NC_003888.3_488496_-_4mC	8.28	tp	0
1-SAAGCCCGNSVV	STREME-1	3.5e-023	NC_003888.3_5187036_+_4mC	8.24	tp	0
1-SAAGCCCGNSVV	STREME-1	3.5e-023	NC_003888.3_5976129_+_4mC	8.24	fp	0
1-SAAGCCCGNSVV	STREME-1	3.5e-023	NC_003888.3_1895823_+_4mC	8.18	tp	0
1-SAAGCCCGNSVV	STREME-1	3.5e-023	NC_003888.3_8619425_-_4mC	8.16	tp	0
1-SAAGCCCGNSVV	STREME-1	3.5e-023	NC_003888.3_7296951_+_4mC	8.15	tp	0
1-SAAGCCCGNSVV	STREME-1	3.5e-023	NC_003888.3_2435433_+_4mC	8.15	tp	0
1-SAAGCCCGNSVV	STREME-1	3.5e-023	NC_003888.3_4627208_+_4mC	8.15	tp	0
1-SAAGCCCGNSVV	STREME-1	3.5e-023	NC_003888.3_1831099_+_4mC	7.98	tp	0
1-SAAGCCCGNSVV	STREME-1	3.5e-023	NC_003888.3_5577934_+_4mC	7.86	tp	0
1-SAAGCCCGNSVV	STREME-1	3.5e-023	NC_003888.3_5577922_+_4mC	7.86	fp	0
1-SAAGCCCGNSVV	STREME-1	3.5e-023	NC_003888.3_5577922_+_4mC	7.86	tp	1
1-SAAGCCCGNSVV	STREME-1	3.5e-023	NC_003888.3_6820721_+_4mC	7.79	tp	0
#
2-ACCGACT	STREME-2	5.0e-001	NC_003888.3_4332181_-_4mC	13.84	tp	0
2-ACCGACT	STREME-2	5.0e-001	NC_003888.3_7207909_+_4mC	12.74	tp	0
2-ACCGACT	STREME-2	5.0e-001	NC_003888.3_6744703_+_4mC	12.74	tp	0
2-ACCGACT	STREME-2	5.0e-001	NC_003888.3_8611166_+_4mC	12.74	tp	0
2-ACCGACT	STREME-2	5.0e-001	NC_003888.3_4137013_+_4mC	12.74	tp	0
2-ACCGACT	STREME-2	5.0e-001	NC_003888.3_1751552_+_4mC	12.74	fp	0
2-ACCGACT	STREME-2	5.0e-001	NC_003888.3_4506744_+_4mC	11.86	tp	0
2-ACCGACT	STREME-2	5.0e-001	NC_003888.3_8357431_-_4mC	11.86	tp	0
2-ACCGACT	STREME-2	5.0e-001	NC_003888.3_1400220_+_4mC	11.86	tp	1
2-ACCGACT	STREME-2	5.0e-001	NC_003888.3_4508899_+_4mC	11.69	tp	0
2-ACCGACT	STREME-2	5.0e-001	NC_003888.3_6403194_+_4mC	11.46	tp	0
2-ACCGACT	STREME-2	5.0e-001	NC_003888.3_7192542_+_4mC	11.46	tp	0
2-ACCGACT	STREME-2	5.0e-001	NC_003888.3_1238002_+_4mC	11.46	tp	0
2-ACCGACT	STREME-2	5.0e-001	NC_003888.3_6144883_+_4mC	11.46	fp	0
2-ACCGACT	STREME-2	5.0e-001	NC_003888.3_4136413_-_4mC	10.25	tp	0
2-ACCGACT	STREME-2	5.0e-001	NC_003888.3_8610825_+_4mC	10.25	tp	0
2-ACCGACT	STREME-2	5.0e-001	NC_003888.3_1517615_+_4mC	10.25	tp	0
2-ACCGACT	STREME-2	5.0e-001	NC_003888.3_1517615_+_4mC	10.25	fp	0
#
3-ACGTCCAG	STREME-3	5.0e-001	NC_003888.3_3122770_+_4mC	15.08	tp	0
3-ACGTCCAG	STREME-3	5.0e-001	NC_003888.3_4890343_+_4mC	15.08	tp	0
3-ACGTCCAG	STREME-3	5.0e-001	NC_003888.3_3229088_+_4mC	14.51	tp	0
3-ACGTCCAG	STREME-3	5.0e-001	NC_003888.3_5472916_-_4mC	14.09	tp	0
3-ACGTCCAG	STREME-3	5.0e-001	NC_003888.3_5147472_+_4mC	13.31	tp	0
3-ACGTCCAG	STREME-3	5.0e-001	NC_003888.3_4309906_+_4mC	13.20	tp	1
3-ACGTCCAG	STREME-3	5.0e-001	NC_003888.3_6336478_-_4mC	13.06	tp	0
3-ACGTCCAG	STREME-3	5.0e-001	NC_003888.3_2568865_+_4mC	12.99	tp	0
#
4-GAACWGSGC	STREME-4	1.0e+000	NC_003888.3_3638365_+_4mC	16.27	tp	0
4-GAACWGSGC	STREME-4	1.0e+000	NC_003888.3_2211697_-_4mC	15.72	tp	0
4-GAACWGSGC	STREME-4	1.0e+000	NC_003888.3_536315_-_4mC	15.53	tp	0
4-GAACWGSGC	STREME-4	1.0e+000	NC_003888.3_7905882_+_4mC	14.87	tp	0
4-GAACWGSGC	STREME-4	1.0e+000	NC_003888.3_534742_-_4mC	14.63	tp	0
4-GAACWGSGC	STREME-4	1.0e+000	NC_003888.3_4601623_+_4mC	14.25	tp	0
4-GAACWGSGC	STREME-4	1.0e+000	NC_003888.3_5325248_+_4mC	9.23	tp	0
